# wordfreq 3.1.1 (top_n_list, English), lemmatised with lemminflect 0.2.3
# Word list: wordfreq data, CC BY-SA 4.0 (https://creativecommons.org/licenses/by-sa/4.0/), by Robyn Speer; wordfreq code Apache-2.0. IPA: CMU Pronouncing Dictionary (BSD-style) via eng-to-ipa. Definitions and examples are original model-written text.
# built 2026-09-25 by scripts/vocab-source-list.py
# rank<TAB>lemma: the rank is wordfreq's rank of the lemma's commonest form
1	the
2	to
3	and
4	of
6	in
8	be
9	for
10	that
11	you
12	it
13	on
14	with
15	this
18	as
20	have
21	at
22	he
23	not
24	by
25	but
26	from
27	my
28	or
29	we
30	an
31	your
32	all
33	so
34	his
35	they
36	me
37	if
38	one
39	can
40	will
41	just
42	like
43	about
44	up
45	out
46	what
48	when
49	more
50	do
51	no
53	who
56	their
57	there
58	her
59	which
60	time
61	get
64	she
65	new
66	people
67	how
69	some
70	also
71	them
72	now
73	other
75	its
76	our
77	than
78	good
79	only
80	after
81	first
82	him
83	into
84	know
85	see
86	two
87	make
88	over
89	think
90	any
91	then
93	back
94	these
95	us
96	want
97	because
98	go
99	well
100	say
101	way
104	most
105	much
106	very
107	where
108	even
109	shall
110	may
111	here
112	need
113	really
115	right
116	work
117	year
119	being
120	day
121	too
122	going
123	before
124	off
125	why
127	still
128	take
131	many
132	never
133	those
134	life
136	world
137	down
138	great
139	through
141	last
144	while
145	best
146	such
147	love
148	man
149	home
150	long
151	look
152	something
153	use
155	same
156	used
157	both
158	every
161	come
162	part
163	state
164	three
165	around
166	between
167	always
168	better
169	find
171	help
172	high
173	little
174	old
175	since
176	another
178	own
179	things
180	under
181	during
182	game
184	thing
185	give
186	house
187	place
188	school
189	again
190	next
191	each
193	without
194	against
196	end
197	found
198	must
199	show
200	big
201	feel
202	sure
203	team
204	ever
205	family
206	keep
208	please
209	put
210	money
211	free
212	second
213	someone
214	away
215	left
216	number
217	city
219	lot
220	name
221	night
222	play
223	until
224	company
225	doing
226	few
228	let
229	real
231	call
232	different
234	set
235	thought
236	done
237	however
239	god
240	government
241	group
243	public
244	top
245	woman
246	business
247	care
248	start
249	system
251	week
253	already
254	anything
255	case
256	nothing
257	person
258	today
259	change
260	enough
261	everything
262	full
263	live
265	point
266	read
268	tell
269	yet
270	bad
272	four
273	hard
274	mean
275	once
276	support
278	include
279	music
280	power
283	stop
284	water
285	based
286	believe
288	head
290	national
291	small
293	white
295	far
296	job
297	side
298	though
299	try
301	yes
302	actually
303	american
304	later
305	less
306	line
307	order
308	party
309	run
311	service
313	country
314	open
315	season
317	thank
318	child
319	everyone
320	general
323	united
325	area
326	black
328	following
329	law
331	together
332	war
333	whole
334	car
335	face
336	five
337	kind
338	maybe
339	per
340	president
341	story
342	working
343	course
344	games
345	health
346	hope
347	important
349	means
350	news
351	within
352	able
353	book
354	early
355	friend
357	information
358	local
359	oh
360	post
363	video
364	young
365	ago
367	social
368	talk
370	court
371	fact
372	given
373	guy
374	half
375	hand
377	level
378	mind
379	often
380	single
381	become
382	body
383	coming
384	control
385	death
386	food
388	hour
389	office
390	pay
391	problem
392	south
393	true
395	almost
397	history
398	known
399	large
400	lose
402	research
403	room
404	several
406	taking
407	university
408	win
409	wrong
410	along
411	anyone
412	else
413	girl
414	john
415	matter
416	pretty
417	remember
418	air
419	bit
421	hit
422	needs
423	nice
425	probably
426	saying
427	understand
428	yeah
429	york
430	class
431	close
432	comes
434	idea
435	international
437	past
438	possible
439	wanted
441	cause
442	due
443	happy
444	human
445	member
446	month
447	move
448	question
450	series
451	wait
453	ask
454	community
455	data
456	late
457	leave
458	north
459	saw
460	special
461	watch
464	either
466	future
467	light
468	low
469	million
470	morning
471	police
472	short
473	stay
475	age
476	buy
477	deal
478	rather
479	reason
480	red
481	report
482	soon
483	third
484	turn
485	whether
486	among
487	check
488	development
489	form
490	further
491	heart
492	minutes
493	myself
496	yourself
497	act
498	although
501	fire
502	fun
503	living
504	major
505	media
506	phone
507	player
508	art
509	behind
510	building
511	easy
513	market
514	near
515	non
516	plan
517	political
518	quite
519	six
521	west
523	accord
524	available
526	education
527	final
528	former
529	front
530	kid
531	list
532	ready
533	sometimes
534	son
535	street
537	bring
538	college
539	current
540	example
541	experience
542	hear
543	london
544	meet
545	program
546	type
547	baby
548	chance
549	father
550	march
551	process
553	song
554	study
555	word
556	across
557	action
558	clear
561	himself
563	outside
564	self
565	student
567	board
568	cost
569	cut
571	field
572	hold
573	instead
574	main
575	moment
576	mother
577	road
578	seem
580	town
582	de
583	department
584	energy
585	fight
586	fine
587	force
589	issue
592	price
593	re
594	rest
595	result
596	running
598	space
599	summer
600	term
601	wife
603	america
604	beautiful
605	date
607	kill
608	land
609	miss
610	project
611	sex
612	shot
613	site
614	strong
616	account
617	co
618	especially
619	eye
621	june
622	parent
623	period
624	position
625	record
626	similar
627	total
629	above
630	club
631	common
632	die
633	film
634	happen
636	lead
637	likely
638	military
639	perfect
640	personal
641	security
642	share
648	april
649	center
650	county
651	couple
652	dead
653	english
656	industry
657	inside
659	online
661	private
663	return
665	sense
666	star
667	test
668	view
670	break
671	british
673	event
678	middle
680	present
682	sorry
684	training
685	wish
687	answer
688	boy
689	design
690	finally
692	gold
694	guess
695	interest
696	july
697	king
698	learn
699	policy
700	society
701	add
702	al
703	alone
704	average
705	bank
707	certain
708	church
709	east
711	hot
714	medical
715	movie
716	original
717	park
718	performance
719	press
720	receive
721	role
722	send
723	themselves
724	tried
726	worth
729	bill
731	cool
732	director
733	exactly
735	ground
736	meeting
738	provide
740	relationship
741	september
742	sound
743	source
744	usually
745	value
746	evidence
747	follow
749	official
750	ok
751	production
752	rate
753	reading
754	round
755	save
756	stand
757	stuff
758	tax
759	whatever
760	amount
761	blue
763	david
764	drive
765	eat
766	fall
767	fast
768	federal
769	feeling
770	felt
771	green
772	league
773	management
774	match
775	model
777	picture
778	size
779	step
780	trust
782	central
784	england
785	forward
787	hey
788	key
789	mom
791	page
793	range
794	review
795	science
796	trade
797	uk
798	upon
799	various
800	attention
801	brother
802	cannot
803	character
804	chief
805	cup
806	football
807	hate
809	james
812	lower
813	natural
814	october
815	property
816	quality
818	style
820	vote
821	amazing
822	august
823	blood
824	china
825	complete
826	dog
827	economic
829	involve
830	itself
831	language
832	lord
833	november
834	oil
835	related
836	serious
837	stage
839	title
841	article
842	attack
843	born
846	decide
847	decision
848	enjoy
849	entire
850	french
851	january
854	perhaps
855	poor
856	release
857	situation
858	technology
860	website
861	write
862	choice
863	code
864	considered
865	continue
866	council
867	cover
868	currently
869	door
870	election
871	european
874	financial
875	foreign
876	hair
877	increase
878	legal
880	michael
881	pick
882	race
884	seven
885	sign
886	simple
887	simply
888	staff
889	super
890	union
891	walk
892	washington
893	bed
894	begin
895	build
896	career
898	crazy
899	daily
900	daughter
901	december
903	difficult
904	figure
905	hospital
907	loss
908	modern
910	paper
912	popular
913	publish
914	safe
917	version
918	voice
919	whose
920	writing
921	army
922	australia
923	earth
924	forget
925	goal
927	huge
928	internet
929	listen
930	okay
931	practice
932	rule
933	sea
934	sir
935	success
936	towards
940	access
942	base
943	below
944	create
945	deep
947	la
949	mark
950	missing
951	offer
952	pass
953	professional
955	risk
957	sleep
958	table
959	ten
960	truth
961	ball
962	box
964	card
966	dark
967	district
968	europe
969	george
970	india
971	mine
972	minister
973	note
974	percent
975	piece
976	product
977	recent
979	straight
980	visit
981	wall
985	allow
987	culture
988	etc
989	fan
990	february
992	growth
993	included
994	married
995	officer
996	pain
997	paul
999	respect
1000	response
1001	river
1002	rock
1004	speak
1005	specific
1006	standard
1007	tonight
1010	album
1011	century
1012	charge
1013	cold
1015	effect
1016	eight
1017	except
1019	funny
1020	ii
1021	limited
1022	moving
1023	network
1024	peace
1026	recently
1027	require
1028	sale
1029	spend
1030	store
1032	tomorrow
1033	track
1034	via
1036	weight
1037	addition
1038	ahead
1040	anti
1041	association
1042	beat
1043	brown
1044	capital
1045	chinese
1046	committee
1047	conference
1048	difference
1049	double
1050	expect
1051	gas
1052	island
1054	normal
1056	population
1057	potential
1058	pressure
1059	radio
1060	russian
1061	station
1062	text
1063	treatment
1064	western
1066	beginning
1067	california
1068	campaign
1069	certainly
1070	completely
1071	content
1072	credit
1073	cross
1074	describe
1075	despite
1076	female
1077	focus
1079	hi
1080	husband
1081	ice
1082	individual
1083	interesting
1085	join
1089	message
1090	mile
1091	nearly
1092	particular
1093	previous
1094	quickly
1095	region
1097	section
1098	sort
1099	speed
1100	travel
1101	consider
1102	contact
1103	drop
1104	fair
1105	foot
1106	jesus
1108	link
1109	positive
1111	throughout
1112	tour
1113	welcome
1114	absolutely
1115	additional
1116	beyond
1117	condition
1119	extra
1121	immediately
1124	minute
1125	nature
1127	quick
1128	sell
1129	significant
1131	unless
1133	agree
1134	canada
1135	clean
1136	computer
1137	construction
1138	episode
1139	favorite
1140	income
1141	justice
1143	manager
1144	movement
1145	photo
1147	safety
1148	san
1149	scene
1153	statement
1154	sun
1156	ability
1157	announce
1160	coach
1161	collection
1164	definitely
1166	expected
1167	friday
1168	gun
1170	heavy
1172	knowledge
1173	particularly
1174	search
1175	subject
1176	train
1177	wide
1178	wow
1179	author
1180	centre
1181	claim
1182	dad
1183	develop
1184	fear
1185	fit
1186	generally
1187	german
1188	global
1191	hotel
1192	interested
1193	judge
1194	lady
1195	leader
1196	letter
1198	material
1200	nobody
1201	opportunity
1202	plus
1203	pre
1205	regular
1206	secretary
1207	sister
1209	unit
1210	worker
1211	annual
1212	anymore
1213	bar
1214	battle
1215	brain
1216	contract
1217	degree
1219	feature
1220	finish
1221	floor
1222	france
1223	grow
1224	hurt
1225	image
1226	insurance
1227	majority
1229	opening
1230	opinion
1231	physical
1232	pro
1233	reach
1235	seriously
1236	sports
1237	stupid
1238	successful
1239	active
1240	administration
1241	approach
1242	australian
1244	cancer
1245	civil
1246	dance
1247	defense
1248	direction
1249	independent
1250	master
1251	none
1253	russia
1254	ship
1255	stock
1256	trump
1257	weekend
1258	wonder
1260	africa
1261	awesome
1262	band
1263	beach
1264	cash
1265	clearly
1266	commercial
1267	compare
1268	effort
1272	imagine
1273	impact
1274	lack
1276	learning
1277	multiple
1279	operation
1280	organization
1283	protect
1284	secret
1285	senior
1286	spring
1287	sunday
1289	wear
1290	activity
1291	address
1292	analysis
1293	anyway
1296	choose
1297	christmas
1298	color
1299	commission
1300	competition
1301	detail
1302	direct
1303	dream
1304	easily
1306	grand
1308	increased
1309	indian
1311	literally
1312	luck
1313	marriage
1315	necessary
1316	patient
1317	resource
1318	rich
1319	skin
1321	supposed
1322	sweet
1323	thus
1324	touch
1325	yesterday
1326	catch
1327	closed
1328	congress
1329	damage
1330	directly
1331	disease
1332	doctor
1333	doubt
1334	drink
1335	driving
1336	establish
1337	facebook
1339	fish
1340	gay
1341	germany
1342	glad
1346	machine
1347	notice
1348	overall
1349	planning
1350	professor
1355	sit
1356	trip
1357	associate
1358	basic
1359	captain
1360	carry
1362	crime
1363	effective
1365	explain
1366	fully
1367	highly
1368	holding
1369	japan
1371	male
1374	plant
1375	reality
1376	smith
1377	spot
1378	texas
1380	winter
1381	worse
1382	advice
1383	agreement
1385	award
1386	block
1387	broken
1389	challenge
1391	christian
1392	comment
1393	equipment
1394	eventually
1396	holy
1397	killing
1400	nation
1401	otherwise
1402	peter
1404	primary
1405	purpose
1407	responsible
1408	shop
1410	sick
1411	teacher
1412	theory
1414	william
1415	agency
1416	avoid
1417	camera
1419	cell
1420	coast
1422	drug
1423	economy
1424	environment
1425	executive
1427	hall
1428	mass
1429	meaning
1430	mission
1431	nine
1434	politics
1435	pop
1436	produce
1438	saturday
1439	status
1440	therefore
1441	trial
1442	truly
1443	weather
1445	app
1446	application
1448	coffee
1449	complex
1451	division
1452	evening
1453	flight
1454	freedom
1455	google
1456	heat
1458	interview
1459	library
1460	locate
1461	location
1462	murder
1463	obama
1466	queen
1469	sitting
1470	standing
1473	accept
1474	actual
1475	appear
1476	attempt
1477	broke
1478	channel
1479	distance
1481	exchange
1482	fat
1483	fell
1484	finding
1485	glass
1488	mobile
1489	northern
1491	placed
1492	powerful
1493	prior
1494	protection
1497	religious
1498	ride
1499	robert
1500	royal
1501	screen
1502	serve
1504	slow
1505	species
1506	speech
1507	traffic
1508	tree
1513	whom
1514	wonderful
1516	airport
1517	animal
1520	benefit
1521	bottom
1523	demand
1524	engine
1525	everybody
1526	famous
1528	investment
1530	lie
1532	partner
1534	raise
1536	sad
1537	solution
1540	southern
1541	square
1543	structure
1544	thomas
1545	traditional
1546	twice
1547	wind
1548	worry
1550	americans
1553	brand
1554	bus
1555	cent
1556	chicago
1557	count
1559	critical
1560	digital
1562	fourth
1563	fresh
1564	lake
1565	mental
1566	mention
1568	mostly
1569	mouth
1570	owner
1572	previously
1573	realize
1574	remain
1575	scale
1576	score
1577	separate
1578	smart
1580	surface
1581	throw
1582	tom
1583	totally
1584	twitter
1586	wedding
1588	acting
1590	african
1591	arm
1593	budget
1594	click
1595	estate
1596	fail
1597	faith
1598	fashion
1600	fund
1601	generation
1602	hearing
1603	hill
1604	jack
1606	louis
1607	metal
1608	mid
1609	paris
1610	profile
1611	pull
1612	push
1614	rose
1615	seat
1617	sexual
1619	target
1620	understanding
1621	village
1622	agent
1624	apply
1625	authority
1626	basis
1627	becoming
1628	chris
1629	draw
1630	dude
1631	employee
1632	enter
1633	ex
1635	foundation
1636	gain
1639	japanese
1641	memory
1642	prime
1644	ring
1645	rise
1648	silver
1649	soul
1650	spread
1651	supply
1652	waste
1653	weird
1654	adult
1655	apparently
1656	artist
1657	chairman
1658	edition
1659	engineering
1660	grade
1661	happening
1662	healthy
1663	institute
1664	method
1665	mike
1666	monday
1668	obviously
1669	option
1670	prison
1672	remains
1673	senate
1675	somebody
1676	stone
1677	strength
1678	user
1679	wild
1680	window
1681	winner
1682	arrive
1683	bag
1684	bet
1685	camp
1686	cast
1687	christ
1689	correct
1690	dangerous
1691	ed
1692	extremely
1693	firm
1695	handle
1696	improve
1697	indeed
1699	movies
1700	negative
1701	prevent
1702	remove
1703	richard
1704	spirit
1705	television
1706	till
1707	trouble
1708	usa
1710	advantage
1711	apart
1712	aware
1713	cat
1714	customer
1716	dinner
1717	dollar
1718	eastern
1719	fifth
1720	function
1721	gift
1722	helping
1723	herself
1724	impossible
1725	influence
1726	item
1727	joe
1728	los
1729	marketing
1730	mary
1732	nor
1734	progress
1735	proud
1737	shooting
1738	shut
1742	van
1743	wood
1744	background
1745	birth
1746	bridge
1748	charles
1750	completed
1751	concept
1752	copy
1753	dear
1757	garden
1758	host
1759	housing
1760	inc
1761	israel
1762	journal
1763	labor
1764	leadership
1765	length
1766	lucky
1767	neither
1768	onto
1770	possibly
1771	prove
1772	rare
1773	setting
1774	skill
1775	software
1776	thousand
1777	tough
1779	ad
1780	alive
1781	apple
1782	balance
1783	birthday
1785	boss
1788	connection
1789	dress
1791	fellow
1792	florida
1793	horse
1796	magic
1797	managed
1798	map
1799	net
1801	request
1802	stick
1805	vehicle
1806	volume
1807	wake
1808	aid
1809	beauty
1811	billion
1812	busy
1815	concerned
1816	conversation
1817	corner
1818	criminal
1819	cultural
1821	driver
1823	existing
1824	farm
1825	file
1826	fix
1827	fly
1828	frank
1829	guide
1831	investigation
1832	mexico
1833	operate
1837	responsibility
1838	roll
1839	slightly
1840	suggest
1841	surprise
1842	technical
1844	treat
1845	unique
1846	variety
1847	violence
1848	weapon
1849	yours
1850	youth
1852	appreciate
1855	discover
1857	dry
1858	edge
1859	evil
1860	excited
1861	forever
1862	funds
1864	henry
1865	injury
1866	iron
1867	lovely
1868	mad
1869	magazine
1870	martin
1873	ordered
1874	parliament
1875	prepared
1876	reference
1877	religion
1879	somewhere
1881	strategy
1883	web
1884	wine
1886	angeles
1888	audience
1889	bay
1890	blog
1891	closer
1892	core
1893	democratic
1894	description
1896	excellent
1897	exist
1900	guard
1901	honest
1904	jones
1905	lee
1908	medicine
1910	mountain
1911	nuclear
1913	port
1914	presence
1915	reaction
1916	reduce
1917	shoot
1919	solid
1920	spanish
1921	sport
1923	stress
1924	taste
1925	tea
1926	victory
1927	afternoon
1928	assistant
1929	britain
1930	citizen
1931	classic
1932	clothes
1934	electric
1935	emergency
1937	entirely
1939	failure
1940	festival
1941	flat
1942	fuel
1943	harry
1944	hello
1947	initial
1948	introduce
1949	johnson
1950	kick
1952	mail
1953	massive
1955	pair
1958	plane
1959	plenty
1960	prince
1961	proper
1963	quarter
1964	regional
1965	scott
1966	session
1967	shape
1968	sky
1969	teaching
1970	toward
1971	transfer
1972	upper
1973	useful
1974	valley
1976	willing
1978	zone
1979	accident
1980	advanced
1981	alternative
1982	anywhere
1985	bear
1986	boat
1988	capacity
1989	cheap
1990	climate
1992	discussion
1994	duty
1995	fantastic
1996	feelings
1997	flying
1998	governor
2000	hundred
2001	industrial
2002	joint
2003	mix
2004	museum
2006	path
2009	promise
2010	propose
2011	purchase
2012	rain
2016	steel
2017	steve
2019	terrible
2021	tired
2023	turning
2024	vice
2025	warm
2027	afraid
2029	beer
2030	border
2031	canadian
2032	command
2033	crew
2034	crowd
2037	element
2038	enemy
2039	ensure
2040	environmental
2041	fill
2042	fixed
2043	forest
2044	intelligence
2045	intended
2046	labour
2047	limit
2048	moon
2049	ocean
2051	profit
2052	proof
2053	republican
2054	soldier
2055	suit
2058	appearance
2059	asian
2060	attorney
2062	behavior
2063	ben
2067	chair
2069	debt
2070	domestic
2071	expensive
2073	historical
2075	honestly
2076	honor
2078	jump
2079	launch
2081	minimum
2082	native
2083	noted
2084	originally
2087	ray
2089	suddenly
2090	supreme
2091	survey
2092	tech
2094	update
2096	writer
2097	yellow
2099	ancient
2102	combine
2103	communication
2104	connected
2105	contain
2106	download
2107	email
2108	ending
2109	exercise
2110	express
2111	flow
2112	formed
2113	girlfriend
2114	hero
2115	illegal
2116	increasing
2117	joke
2118	loan
2122	perform
2123	planet
2125	restaurant
2126	scotland
2127	select
2129	shopping
2130	soft
2131	stuck
2132	sugar
2136	teach
2137	transport
2139	accepted
2141	affair
2143	appeal
2144	applied
2145	appropriate
2147	boston
2148	ca
2149	confirm
2150	device
2151	drama
2152	entry
2153	era
2154	factor
2155	feed
2156	golden
2157	grant
2162	lawyer
2163	leg
2165	measure
2166	mistake
2168	muslim
2170	platform
2171	pool
2173	regard
2174	relations
2176	route
2178	schedule
2179	scientific
2180	shoe
2181	smoke
2182	squad
2184	testing
2188	williams
2190	abuse
2191	angry
2193	candidate
2194	comfortable
2195	concern
2197	discuss
2199	emotional
2200	et
2201	everywhere
2202	facility
2204	fox
2206	hole
2207	holiday
2209	internal
2210	ireland
2211	italian
2212	italy
2213	jersey
2214	laugh
2216	letters
2217	liberal
2221	lunch
2222	max
2223	milk
2224	pack
2225	payment
2228	relatively
2229	sector
2231	snow
2232	storm
2234	strike
2235	studio
2236	sub
2237	weak
2238	youtube
2240	actor
2241	advance
2242	apartment
2243	asia
2244	chain
2245	chapter
2246	committed
2247	confidence
2248	cook
2249	cute
2250	equal
2251	fake
2252	finance
2255	identity
2256	journey
2257	kitchen
2258	korea
2260	maintain
2263	numerous
2267	quiet
2268	reveal
2269	specifically
2270	split
2271	task
2273	taylor
2274	twenty
2275	urban
2277	affected
2278	aircraft
2280	approve
2281	approximately
2282	argument
2283	arrest
2285	conflict
2287	corporate
2288	debate
2289	determined
2290	distribution
2291	document
2292	escape
2293	extended
2296	fault
2299	flower
2300	friendly
2302	lay
2304	millions
2305	mixed
2306	phase
2307	properly
2308	pure
2310	requirement
2311	resident
2312	revenue
2313	sam
2315	secure
2316	smile
2317	strange
2318	talent
2319	temperature
2321	tony
2322	troops
2323	truck
2325	ah
2327	basically
2328	besides
2329	bird
2330	blame
2331	bob
2332	bowl
2334	chicken
2335	collected
2336	context
2337	coverage
2338	determine
2339	display
2340	dying
2341	elect
2343	experienced
2345	false
2348	funding
2349	identify
2350	iii
2351	incredible
2352	inspire
2354	ma
2355	meat
2356	ministry
2357	mode
2358	neck
2360	novel
2361	obvious
2362	passing
2365	scored
2366	shirt
2368	slowly
2369	stadium
2371	surgery
2373	tuesday
2374	vision
2375	whenever
2376	worried
2377	zero
2378	alex
2381	champion
2382	charged
2383	cream
2384	crisis
2385	daniel
2386	deliver
2387	editor
2388	estimate
2389	eu
2390	giant
2391	iran
2392	jail
2393	jim
2394	kingdom
2395	literature
2396	mayor
2397	minor
2399	opposite
2400	orange
2401	ourselves
2404	selection
2405	serving
2406	signal
2407	stream
2408	struggle
2409	suicide
2411	theme
2412	thursday
2413	tiny
2414	typically
2415	un
2416	unfortunately
2417	usual
2419	virginia
2423	wave
2424	alcohol
2425	assembly
2426	breakfast
2427	bright
2429	capable
2432	combination
2433	conservative
2435	cutting
2436	desire
2437	destroy
2438	draft
2439	drunk
2440	essential
2442	familiar
2445	guilty
2450	jewish
2451	largely
2454	medium
2455	ohio
2458	perfectly
2459	recommend
2460	refer
2461	relevant
2462	seek
2464	solo
2465	spoke
2468	ticket
2469	unable
2470	upset
2471	wing
2475	bomb
2476	creative
2477	cycle
2478	dealing
2479	directed
2480	don
2481	educational
2482	entertainment
2483	extreme
2486	goods
2487	hang
2489	info
2490	mainly
2491	maximum
2492	newspaper
2493	offering
2494	painting
2495	republic
2496	reserve
2498	row
2499	salt
2500	scare
2501	scottish
2503	statistics
2504	switch
2505	territory
2506	threat
2508	wale
2510	affect
2511	appoint
2512	armed
2513	aside
2514	assistance
2515	bell
2516	blow
2517	bond
2518	boyfriend
2519	careful
2520	circumstances
2523	controlled
2524	corporation
2525	cry
2526	danger
2528	delivery
2529	deserve
2533	empty
2537	folks
2539	gender
2540	instance
2541	kim
2545	motion
2547	nick
2548	pacific
2549	prize
2551	reasonable
2553	register
2554	resolution
2555	rural
2556	ryan
2559	sing
2560	spain
2561	tool
2562	typical
2563	universe
2564	warning
2566	wednesday
2567	admit
2568	attitude
2569	branch
2570	brazil
2571	conduct
2572	decade
2573	dedicated
2574	definition
2575	drawing
2576	favor
2577	flag
2578	frame
2579	guest
2580	ha
2581	heaven
2582	independence
2583	institution
2585	jackson
2586	kiss
2587	load
2588	plot
2589	possibility
2590	random
2591	recovery
2592	rent
2593	replace
2594	represent
2598	senator
2599	sentence
2600	tooth
2601	tip
2604	academic
2605	academy
2606	accurate
2607	achieve
2608	adam
2609	afford
2610	andrew
2611	assume
2613	bottle
2614	bunch
2615	category
2616	chat
2617	cheese
2618	chemical
2619	clinton
2620	competitive
2622	diet
2623	em
2624	favourite
2625	fruit
2628	index
2630	lane
2631	mess
2632	navy
2633	normally
2634	occur
2635	opposition
2637	permanent
2638	personally
2639	pleasure
2640	prefer
2641	programme
2642	representative
2643	scheme
2644	shift
2646	storage
2647	tank
2648	tend
2649	tight
2650	transportation
2651	ultimately
2652	unlike
2653	weekly
2654	yard
2655	anybody
2656	asset
2657	basketball
2658	button
2660	combat
2661	constitution
2662	consumer
2663	counter
2664	creation
2665	crown
2668	define
2669	depend
2670	depression
2673	el
2674	employment
2675	exclusive
2676	excuse
2677	expert
2678	frequently
2679	golf
2680	grace
2681	hopefully
2683	importance
2684	kevin
2686	latter
2687	manufacture
2689	object
2691	pattern
2692	performing
2693	personnel
2694	perspective
2695	pregnant
2696	premier
2697	promote
2699	revolution
2701	severe
2703	suppose
2705	tournament
2706	turkey
2707	ve
2708	victim
2712	amazon
2714	attend
2715	ban
2716	brilliant
2717	carbon
2718	catholic
2720	circle
2721	concert
2722	crash
2723	declare
2725	depth
2726	deputy
2727	dirty
2729	earn
2730	electronic
2731	error
2732	existence
2734	expression
2735	factory
2736	headed
2737	interior
2738	joy
2740	legislation
2741	maintenance
2742	manner
2743	mate
2744	matt
2745	nearby
2746	noise
2747	origin
2748	pakistan
2749	panel
2750	personality
2751	plate
2753	prepare
2754	relief
2756	resistance
2757	retail
2758	rice
2760	roof
2761	shame
2763	somewhat
2766	surely
2770	absolute
2771	advertising
2773	baseball
2774	bathroom
2775	bible
2776	cable
2777	calm
2778	championship
2780	client
2781	constant
2782	da
2785	democrat
2787	driven
2788	dumb
2789	empire
2790	exciting
2791	expansion
2793	heavily
2794	hide
2795	incident
2796	irish
2798	manage
2800	michigan
2801	multi
2803	politician
2804	print
2805	quit
2806	refuse
2807	reporting
2808	sight
2809	significantly
2811	soviet
2813	wet
2814	widely
2815	worldwide
2816	ages
2817	anniversary
2818	attractive
2819	bike
2820	broad
2821	burn
2822	cake
2824	closely
2825	constantly
2826	contest
2829	drawn
2831	fee
2832	francisco
2834	hardly
2835	hat
2836	height
2838	hong
2839	invite
2841	loud
2842	manchester
2843	marine
2844	motor
2845	officially
2847	peak
2848	portion
2849	pound
2850	princess
2851	protein
2853	raw
2854	reform
2857	respond
2858	retirement
2859	sample
2861	secondary
2862	solar
2863	somehow
2865	suffering
2866	sydney
2869	ultimate
2870	unknown
2871	wilson
2873	attached
2875	automatically
2877	battery
2879	blind
2880	breath
2881	brief
2882	carolina
2883	chest
2885	debut
2889	edward
2890	engaged
2893	external
2894	fantasy
2896	grab
2897	hollywood
2899	immediate
2900	introduction
2901	joseph
2902	license
2903	paint
2904	pilot
2905	pink
2906	presidential
2907	principal
2908	recognize
2910	registered
2911	regularly
2916	singer
2917	smoking
2918	steam
2919	suffer
2920	survive
2921	tall
2923	theatre
2924	therapy
2925	witness
2926	adopt
2927	aim
2928	campus
2929	cap
2931	childhood
2932	clinical
2934	comedy
2935	commander
2936	comparison
2938	dan
2939	defeat
2940	defence
2941	democracy
2942	detailed
2943	entitle
2944	exact
2945	expose
2948	injured
2949	jan
2950	jordan
2954	lock
2955	musical
2956	nose
2958	opposed
2959	organize
2960	plastic
2961	protected
2963	quote
2964	recording
2965	semi
2967	suspect
2968	swear
2969	technique
2970	tie
2971	tim
2972	trend
2973	valuable
2974	wealth
2975	wise
2977	aged
2978	approval
2979	aspect
2981	bread
2982	burning
2985	convention
2988	egg
2990	en
2991	engineer
2992	equivalent
2993	facing
2994	fairly
2995	finger
2996	ford
2999	gang
3000	graduate
3001	greek
3002	hanging
3003	inner
3005	le
3006	lift
3007	marked
3009	miller
3010	monthly
3012	neighborhood
3014	outstanding
3015	permission
3019	regulation
3020	reply
3022	rid
3023	roman
3024	scientist
3025	shoulder
3026	shower
3030	stephen
3031	tower
3032	tradition
3034	visual
3035	wheel
3036	zealand
3038	admitted
3039	appointment
3041	barely
3043	bush
3044	cabinet
3045	celebrate
3047	chocolate
3048	coal
3049	colour
3050	contemporary
3051	criticism
3052	davis
3053	dna
3054	effectively
3055	eric
3056	extensive
3057	faced
3059	formation
3062	gallery
3063	highway
3064	historic
3065	hunt
3066	improvement
3067	inch
3068	initially
3069	junior
3070	jury
3071	kong
3072	korean
3074	monster
3075	obtain
3076	olympic
3077	philosophy
3078	pride
3080	repeat
3083	rough
3084	santa
3085	settlement
3086	smell
3088	speaker
3089	studied
3091	surround
3092	tone
3093	topic
3094	toronto
3095	universal
3096	vast
3097	visitor
3098	wanting
3099	auto
3100	consistent
3105	grey
3106	guitar
3107	heading
3108	howard
3109	ignore
3111	latin
3112	lewis
3113	meal
3114	meanwhile
3116	naturally
3117	necessarily
3119	pant
3120	partnership
3122	percentage
3123	pocket
3124	practical
3125	primarily
3127	rape
3128	regardless
3129	relative
3131	rescue
3133	rush
3134	sarah
3136	sharp
3137	simon
3138	soccer
3139	stable
3142	symptom
3143	temporary
3145	trick
3147	audio
3148	bone
3149	brian
3151	chamber
3152	chart
3154	circuit
3155	clothing
3156	complicated
3157	confused
3158	consequence
3159	defend
3160	divided
3161	elizabeth
3162	everyday
3163	extent
3165	format
3166	gap
3167	gate
3169	harm
3170	healthcare
3171	household
3172	immigration
3173	impressive
3174	jews
3175	joining
3176	killer
3177	lesson
3179	loving
3182	membership
3183	miami
3184	mirror
3185	mount
3189	proposal
3190	province
3192	recognition
3193	reputation
3195	shortly
3197	strongly
3198	tear
3200	thin
3204	accused
3205	adventure
3206	argue
3207	assessment
3208	atmosphere
3209	awful
3210	bedroom
3211	belief
3212	bound
3214	carefully
3216	ceo
3218	closing
3219	cloud
3220	colorado
3222	contrast
3223	courses
3225	donald
3229	elsewhere
3231	extension
3233	founder
3234	gear
3235	georgia
3237	hip
3240	infrastructure
3241	jason
3243	loose
3246	moral
3247	offensive
3248	pa
3249	package
3250	pointed
3251	poverty
3253	processing
3254	qualified
3255	railway
3257	ridiculous
3258	sensitive
3259	server
3260	shock
3261	silence
3263	superior
3264	supporter
3265	thick
3267	ton
3268	transition
3269	violent
3270	voter
3271	wash
3272	acid
3273	actress
3274	administrative
3275	alan
3276	alongside
3277	angel
3278	anxiety
3281	bonus
3282	castle
3283	charity
3286	contained
3288	covering
3289	curious
3291	discovery
3293	duke
3294	egypt
3295	encourage
3296	enforcement
3299	flash
3300	formal
3301	formula
3302	fort
3304	gray
3305	gross
3307	hungry
3308	informed
3309	innocent
3310	jeff
3312	luke
3313	mac
3314	math
3317	mystery
3319	olympics
3320	palace
3322	penalty
3323	pet
3325	photography
3327	protest
3328	publication
3329	rating
3331	respectively
3332	rome
3335	silent
3337	successfully
3339	temple
3341	trail
3342	uncle
3343	unusual
3347	arrival
3349	assault
3350	awareness
3351	badly
3352	bath
3353	capture
3354	chase
3355	component
3356	concrete
3357	dave
3358	deeply
3359	expectations
3360	explanation
3361	exposure
3363	fiction
3364	guarantee
3365	happiness
3366	harris
3368	horrible
3369	ideal
3370	illinois
3372	islamic
3373	jimmy
3374	kelly
3375	legend
3376	lieutenant
3377	mini
3378	mood
3379	muscle
3380	muslims
3382	passion
3384	pleased
3385	procedure
3386	producer
3388	rank
3389	replacement
3390	retired
3392	sand
3393	savings
3394	settled
3395	shadow
3397	tag
3398	tape
3399	thread
3400	victoria
3402	wage
3405	andy
3406	avenue
3408	beating
3411	boring
3412	charlie
3414	clock
3415	commissioner
3416	commitment
3417	confident
3421	custom
3422	deny
3423	desk
3425	ear
3426	electricity
3428	farmer
3429	fbi
3430	grounds
3431	gym
3432	helpful
3433	horror
3434	iphone
3435	iraq
3436	label
3437	liverpool
3439	naked
3440	ny
3442	output
3444	pitch
3445	pizza
3446	plain
3449	rear
3451	romantic
3456	strategic
3457	swimming
3458	welfare
3460	wire
3463	afterwards
3464	alright
3465	android
3466	anger
3467	architecture
3468	assist
3469	attempted
3470	behalf
3471	belt
3474	ceremony
3475	comic
3476	cops
3478	dallas
3479	designer
3480	diamond
3481	disappointed
3483	economics
3484	efficient
3485	electrical
3486	employ
3489	essentially
3490	establishment
3494	ghost
3497	hockey
3498	houston
3500	hunting
3502	islam
3503	jane
3505	kit
3506	lab
3509	min
3510	morgan
3511	moscow
3512	na
3513	nervous
3514	newly
3515	odd
3516	op
3517	ordinary
3518	participate
3519	philadelphia
3520	prayer
3521	principles
3522	racist
3523	rarely
3525	sexy
3527	soil
3528	solve
3529	stomach
3532	suck
3534	trash
3535	ugly
3536	vegas
3537	virus
3538	walker
3539	whoever
3541	anthony
3542	arthur
3545	boost
3546	bureau
3547	colonel
3548	comfort
3550	cousin
3551	crack
3552	deck
3555	dragon
3556	dramatic
3557	dust
3558	dutch
3560	evolution
3562	hire
3563	illness
3564	inspiration
3567	knife
3568	lately
3570	memorial
3571	mexican
3572	minority
3573	mum
3577	priority
3578	promotion
3579	rail
3580	reader
3581	remote
3582	repair
3583	root
3584	saint
3585	steal
3587	telephone
3590	trans
3592	vol
3593	whereas
3594	abandon
3595	acquired
3597	alexander
3598	alliance
3599	annoy
3600	ap
3601	bid
3602	bro
3603	buddy
3604	buried
3605	butter
3607	columbia
3608	conclusion
3610	congratulations
3612	convinced
3614	crystal
3615	dean
3616	decent
3617	decline
3618	delay
3620	desert
3621	downtown
3622	elite
3625	forth
3629	hop
3631	insane
3632	install
3633	israeli
3634	landing
3635	layer
3637	marry
3639	nowhere
3640	nurse
3642	organic
3643	ownership
3644	participant
3645	pennsylvania
3646	poetry
3647	pot
3648	pray
3650	recall
3651	rugby
3652	sake
3653	sheet
3655	smooth
3656	spiritual
3658	string
3659	sudden
3660	sweden
3661	syria
3664	vacation
3665	abroad
3666	arab
3667	assign
3670	atlantic
3671	bench
3672	bother
3673	broadcast
3674	bye
3675	cambridge
3678	compete
3679	consist
3681	contribute
3682	cricket
3683	critic
3685	disaster
3687	disney
3688	entrance
3689	equally
3690	fallen
3692	fitness
3693	francis
3694	friendship
3695	gary
3696	handling
3697	idiot
3698	intense
3701	lifetime
3702	liquid
3703	makeup
3704	medal
3705	mortgage
3706	narrative
3707	narrow
3708	nba
3709	observe
3710	occasionally
3712	pan
3713	physics
3714	posting
3715	potentially
3716	reduction
3717	reflect
3719	researcher
3721	roger
3722	ross
3724	seattle
3726	shell
3727	silly
3728	subsequent
3731	translation
3732	visible
3733	yep
3735	allen
3736	amendment
3737	angle
3738	arizona
3740	belong
3741	berlin
3742	bishop
3744	clark
3745	commonly
3746	connect
3747	defensive
3748	designs
3749	efficiency
3750	enterprise
3751	experiment
3752	feb
3756	forum
3758	grass
3759	hence
3760	increasingly
3761	incredibly
3762	iv
3763	jay
3764	journalist
3769	mill
3770	mo
3771	occasion
3772	oxford
3773	pace
3774	passenger
3775	pen
3776	pope
3777	possession
3780	rapid
3785	sixth
3786	spin
3790	suitable
3791	thirty
3792	valid
3793	vital
3794	whilst
3796	agriculture
3797	allege
3798	anna
3799	atlanta
3801	christians
3802	collect
3803	commerce
3804	cop
3805	creek
3806	currency
3807	emotion
3808	exhibition
3809	fraud
3810	funeral
3811	genuine
3813	gordon
3814	honey
3815	honour
3816	hook
3817	hunter
3818	immigrant
3820	instruction
3822	kansas
3825	legacy
3826	log
3827	matthew
3828	merely
3829	monitor
3831	nov
3832	patrick
3833	phil
3834	prisoner
3836	publishing
3837	ratio
3838	regret
3839	reject
3840	remind
3841	resort
3843	reverse
3844	routine
3845	scary
3846	seed
3847	settle
3848	sin
3849	spell
3850	summary
3851	survival
3852	sword
3853	tongue
3854	ward
3856	wayne
3857	achievement
3858	anderson
3860	asleep
3861	austin
3862	automatic
3864	behaviour
3867	coat
3868	comprehensive
3869	consent
3870	daddy
3871	destruction
3872	diego
3874	divorce
3875	doc
3876	drove
3878	engage
3879	extraordinary
3880	fate
3881	frequency
3883	gene
3884	glory
3885	headquarters
3886	heritage
3887	initiative
3889	jean
3890	juice
3891	landscape
3892	logic
3894	melbourne
3895	microsoft
3896	objective
3897	organisation
3898	privacy
3904	residence
3905	roughly
3906	salary
3907	scoring
3908	script
3911	strip
3913	threaten
3915	tube
3917	walter
3918	wisconsin
3922	ambassador
3923	ann
3924	apps
3927	breast
3929	carter
3930	chelsea
3931	chemistry
3932	conclude
3933	consumption
3934	corruption
3935	cotton
3937	detroit
3938	discount
3939	dozen
3941	epic
3942	exception
3943	exit
3944	expand
3945	fancy
3946	gorgeous
3947	grateful
3950	impression
3952	indicate
3953	input
3954	johnny
3955	josh
3956	knock
3957	leather
3958	lip
3959	luxury
3960	lyric
3961	manufacturer
3964	oct
3966	ought
3967	outcome
3969	poll
3970	preferred
3974	removal
3975	rep
3976	reporter
3977	rio
3979	rob
3980	scream
3981	sept
3982	sequence
3983	singapore
3984	stretch
3986	tennis
3987	terrorist
3988	theater
3990	twelve
3992	virgin
3995	wolf
3996	absence
3997	agricultural
4000	athlete
4002	blues
4004	bruce
4005	bull
4007	commonwealth
4009	contribution
4012	delicious
4015	ease
4016	extend
4017	fame
4018	flood
4019	generate
4020	genetic
4021	glasses
4022	impress
4024	instant
4025	investor
4027	kate
4029	liberty
4031	maria
4033	monitoring
4036	photograph
4037	principle
4039	progressive
4040	punishment
4041	rally
4042	rapidly
4044	representation
4050	sum
4051	swing
4052	tail
4054	twin
4055	upcoming
4056	veteran
4057	alert
4058	arena
4060	aug
4061	billy
4062	boom
4063	boot
4064	brave
4066	column
4067	commit
4068	compensation
4069	composition
4071	conservation
4072	constitutional
4073	crossing
4076	density
4077	di
4078	difficulty
4081	elementary
4082	ethnic
4083	expense
4084	fleet
4085	foster
4087	fundamental
4088	gen
4089	genius
4090	greatly
4091	guidance
4093	infection
4094	instagram
4095	intention
4096	iowa
4098	knee
4099	mechanical
4100	nigeria
4102	participation
4104	precious
4105	pregnancy
4106	premium
4108	pretend
4109	priest
4110	prominent
4112	radical
4115	residential
4116	reward
4118	robin
4119	russell
4120	satellite
4121	shake
4122	shore
4124	stats
4126	substantial
4127	teen
4129	transmission
4130	trap
4131	uniform
4132	wildlife
4133	wooden
4134	ads
4135	aggressive
4136	anne
4138	apparent
4139	bang
4140	blast
4144	communist
4145	complaint
4148	courage
4149	cure
4150	del
4151	desperate
4152	diversity
4155	eve
4156	faculty
4157	feedback
4158	fighter
4159	frozen
4162	humanity
4163	ian
4164	il
4165	innovation
4166	instrument
4167	invest
4168	jacket
4169	justin
4170	legislative
4171	listing
4172	manual
4175	nursing
4176	occupy
4177	ongoing
4178	operator
4179	painful
4181	preparation
4182	punch
4183	purple
4184	railroad
4185	registration
4187	rick
4188	romance
4190	submit
4191	sufficient
4193	suspended
4195	tissue
4196	trailer
4199	ukraine
4200	underground
4201	versus
4202	virtual
4204	wound
4205	ali
4206	amongst
4207	announcement
4208	arrange
4209	arsenal
4210	attending
4211	attract
4212	biological
4213	bite
4214	blocked
4219	chip
4222	dare
4223	database
4225	discrimination
4226	disorder
4227	distribute
4229	documentary
4230	domain
4231	dynamic
4232	edit
4233	engagement
4234	explore
4235	favour
4237	footage
4239	grave
4240	hamilton
4241	implementation
4242	indiana
4243	investigate
4244	jazz
4245	jon
4246	jonathan
4247	laboratory
4248	lawrence
4249	lincoln
4250	literary
4251	mask
4252	massachusetts
4253	midnight
4254	minnesota
4255	mouse
4256	oscar
4258	piano
4259	praise
4260	presentation
4261	psychology
4262	relation
4263	restriction
4264	rocket
4265	ruin
4266	saudi
4267	sean
4268	sec
4270	slave
4271	stability
4272	steady
4274	symbol
4275	terminal
4276	toilet
4277	treaty
4278	triple
4279	unlikely
4281	vietnam
4285	agenda
4286	bat
4287	bow
4288	calendar
4289	cape
4290	collective
4292	cooperation
4293	craft
4294	darkness
4296	devil
4298	enable
4299	equity
4301	failing
4303	fortune
4305	goodbye
4306	graham
4307	hardware
4308	hillary
4310	intellectual
4312	involvement
4313	kentucky
4314	madrid
4315	mi
4316	nuts
4317	oregon
4318	partly
4319	petition
4320	phrase
4321	physically
4323	racial
4325	regime
4327	rounds
4329	sa
4330	sauce
4331	seal
4333	shield
4334	similarly
4335	slide
4336	stem
4337	summit
4338	talented
4339	throat
4340	tiger
4342	toy
4344	warrior
4345	wisdom
4346	accounting
4347	alien
4349	awkward
4350	beast
4351	beef
4352	candy
4353	carrier
4354	celebration
4355	celebrity
4356	certificate
4357	cite
4358	clay
4360	colleague
4361	construct
4362	dated
4363	dec
4364	default
4365	delhi
4366	derive
4367	dialogue
4368	disabled
4369	distinct
4370	drag
4371	educated
4372	eligible
4374	execution
4376	fifty
4377	follower
4378	fool
4379	framework
4380	franchise
4382	furniture
4385	integrated
4386	intelligent
4387	interaction
4388	jet
4390	lifestyle
4391	lighting
4392	lisa
4393	loop
4394	mall
4396	overseas
4398	philippines
4399	polish
4400	recommendation
4401	recover
4403	relax
4404	reliable
4405	rely
4406	remarkable
4408	ruling
4409	sacrifice
4410	se
4411	sole
4414	succeed
4416	tale
4418	timing
4420	volunteer
4423	worship
4424	worthy
4426	alarm
4427	bass
4428	bloody
4429	breathing
4430	butt
4431	characteristic
4433	collaboration
4434	con
4435	consideration
4438	crucial
4440	dependent
4443	dual
4444	edinburgh
4445	equip
4447	experimental
4448	feeding
4449	filter
4450	galaxy
4451	globe
4453	greece
4454	gulf
4455	highlight
4457	intent
4459	judgment
4460	kennedy
4461	knight
4462	larry
4463	las
4465	logo
4466	malaysia
4467	mature
4468	moore
4469	nazi
4470	netherlands
4471	odds
4472	peaceful
4473	philip
4474	photographer
4475	pin
4476	prevention
4479	publicly
4480	pump
4481	repeated
4484	revenge
4485	satisfy
4488	slip
4490	spare
4491	specialist
4493	stranger
4495	surprising
4496	tap
4497	thompson
4499	tourism
4500	turkish
4503	acceptable
4504	ally
4506	auction
4509	chaos
4511	cleveland
4513	composed
4514	concentration
4515	copper
4516	corp
4517	corps
4520	dawn
4521	dispute
4522	earnings
4525	execute
4526	firing
4528	frequent
4530	gather
4531	hilarious
4536	isis
4537	margin
4538	mar
4539	maryland
4540	mechanism
4541	moderate
4542	murray
4543	oklahoma
4544	opera
4545	overcome
4546	parallel
4547	passage
4548	pit
4549	psychological
4551	quest
4552	radiation
4555	stroke
4556	stunning
4558	tokyo
4563	tune
4564	utility
4565	vessel
4566	weed
4567	wherever
4569	acquisition
4571	alabama
4572	alice
4574	anime
4576	autumn
4578	barry
4579	bold
4581	breathe
4582	cameron
4584	classical
4585	classified
4586	clip
4588	coin
4590	conspiracy
4591	controversy
4592	convince
4593	cooper
4594	disappear
4596	encounter
4597	equality
4598	exam
4599	examination
4602	federation
4603	fi
4604	fiscal
4605	guardian
4607	homeless
4609	intervention
4610	jerry
4611	lover
4612	mainstream
4613	menu
4614	missouri
4616	mutual
4617	nope
4619	offense
4620	oral
4621	panic
4624	pursue
4625	realise
4626	refugee
4630	rip
4632	scope
4633	segment
4634	spectrum
4636	ted
4637	terror
4639	va
4640	venture
4641	virtually
4643	warren
4645	yea
4646	ac
4647	accompany
4648	adams
4651	alpha
4654	arrangement
4657	boundary
4658	brick
4659	brooklyn
4661	considerable
4662	conventional
4663	danny
4664	des
4665	designate
4667	emperor
4668	employer
4669	enormous
4672	forgive
4673	gains
4674	garage
4675	gathering
4676	guideline
4679	indians
4680	indonesia
4681	inquiry
4682	inspector
4684	khan
4685	li
4686	lion
4688	lonely
4690	measured
4691	mercy
4692	nevertheless
4694	outer
4695	oxygen
4696	pipe
4698	poem
4699	powder
4703	racism
4708	roy
4709	rude
4710	screw
4711	seventh
4712	shelter
4713	signature
4715	spider
4716	stewart
4722	tribute
4723	trigger
4724	vary
4725	venue
4729	ye
4732	abc
4733	abortion
4734	accuracy
4735	albert
4737	artificial
4739	beneath
4740	bitcoin
4741	bullet
4743	carl
4745	consistently
4746	conversion
4747	copyright
4748	counties
4750	deposit
4751	destination
4752	dirt
4753	diverse
4754	divine
4756	er
4757	exclusively
4758	export
4760	formerly
4761	functional
4763	grandfather
4764	habit
4765	harvard
4767	isolated
4768	jealous
4772	laura
4773	lazy
4774	mama
4775	marshall
4776	mitchell
4777	modify
4778	municipal
4779	naval
4780	neighbor
4781	nelson
4782	neutral
4783	noble
4785	pat
4787	poland
4788	popularity
4792	relate
4793	robot
4794	sacred
4799	spy
4800	steven
4801	suggestion
4803	susan
4804	suspension
4805	terrorism
4806	terry
4807	toxic
4808	treasury
4809	tunnel
4811	upgrade
4812	warrant
4815	aaron
4816	actively
4817	afghanistan
4818	ai
4822	assuming
4823	backing
4824	baker
4825	barcelona
4826	blessed
4827	brazilian
4828	brush
4829	burden
4830	campbell
4832	casual
4833	certified
4834	charter
4835	chef
4837	civilian
4838	coalition
4840	complain
4842	controversial
4843	denver
4845	differently
4847	discipline
4849	disgusting
4851	dominant
4853	emma
4854	essay
4857	furthermore
4858	graphic
4859	greg
4860	healing
4863	implement
4864	instantly
4865	invasion
4866	jacob
4868	laptop
4869	legendary
4870	leo
4871	maker
4872	margaret
4873	mario
4874	opponent
4875	outdoor
4876	palm
4877	parker
4879	pole
4880	pub
4882	queensland
4883	ranger
4885	reception
4886	recipe
4887	regulatory
4890	rubber
4892	serial
4894	shed
4895	snake
4896	sponsor
4898	strict
4899	subsequently
4900	substance
4902	switzerland
4903	syndrome
4906	ultra
4907	unexpected
4908	usage
4909	utah
4911	accidentally
4912	affordable
4913	amateur
4915	argentina
4916	baltimore
4917	batman
4918	bearing
4920	bin
4921	biology
4922	bobby
4923	briefly
4924	canal
4925	cancel
4926	charlotte
4928	christopher
4929	climb
4930	com
4932	completion
4933	cruise
4934	custody
4935	delete
4936	demonstrate
4937	departure
4938	developer
4940	dig
4941	eagle
4943	evans
4944	explosion
4945	fever
4946	fluid
4947	folk
4949	gop
4950	handsome
4951	ho
4954	imagination
4955	integration
4956	integrity
4957	interpretation
4958	leaf
4959	legitimate
4960	lightning
4963	magical
4965	motivation
4966	nasty
4967	oliver
4968	outfit
4969	pension
4970	permit
4971	perry
4973	pleasant
4974	portrait
4975	productive
4978	ron
4979	safely
4982	slight
4983	socialist
4984	streaming
4985	sue
4987	tension
4988	thailand
4991	transaction
4992	twist
4994	unemployment
4995	unity
4996	useless
4997	viewer
5003	advocate
5005	arc
5006	backup
5008	bitter
5013	cia
5014	clever
5015	clinic
5018	continuous
5019	convert
5020	correctly
5021	creator
5022	creature
5023	criterion
5025	detective
5027	disability
5028	dish
5029	douglas
5030	du
5031	duck
5032	egyptian
5033	ep
5034	evaluation
5035	excess
5037	fence
5038	fifa
5043	franklin
5044	fred
5045	gradually
5046	gravity
5048	hawaii
5050	holder
5051	hood
5053	identical
5054	imperial
5056	jose
5057	ken
5058	legally
5063	meter
5064	nail
5065	nasa
5066	negotiation
5067	nonsense
5068	ontario
5069	operational
5070	orleans
5072	phoenix
5073	playoff
5074	poet
5077	repeatedly
5078	robinson
5081	sink
5082	skip
5083	slavery
5084	snap
5088	swedish
5089	swim
5090	swiss
5091	tennessee
5093	transformation
5095	vulnerable
5096	wealthy
5097	additionally
5098	amy
5100	barbara
5101	beta
5102	blowing
5103	bore
5104	bronze
5105	bug
5108	cave
5109	cheat
5110	chronic
5112	communicate
5113	convict
5121	diagnosis
5122	dismiss
5123	distinguished
5124	dose
5125	eighth
5127	fa
5128	flesh
5129	flip
5130	forty
5131	generous
5132	germans
5136	incorporated
5138	jerusalem
5140	laser
5141	loyal
5142	marijuana
5144	mentally
5146	occupation
5149	patch
5150	patience
5151	pic
5153	pollution
5154	precisely
5156	privilege
5159	punk
5160	radar
5163	resist
5164	solely
5166	striking
5169	tourist
5170	transit
5174	villa
5176	websites
5177	wireless
5179	wrap
5180	wright
5181	yoga
5183	airline
5184	alaska
5187	anytime
5188	bacteria
5190	beside
5191	blade
5194	buck
5195	bulk
5197	cargo
5198	census
5199	christianity
5200	coastal
5202	colored
5203	commentary
5204	confusion
5205	congressional
5206	corn
5209	dealer
5210	deem
5211	destiny
5212	distant
5213	electronics
5214	emerge
5216	emphasis
5217	ethics
5218	excitement
5219	exploration
5221	filling
5223	glasgow
5225	helen
5226	humor
5227	insight
5230	jennifer
5232	louisiana
5234	marie
5236	mississippi
5237	nerve
5238	netflix
5239	nightmare
5241	overnight
5242	partially
5243	participating
5244	pie
5247	poster
5249	practically
5250	preserve
5252	qualify
5253	raid
5254	ram
5256	ranking
5258	respective
5259	restricted
5261	samuel
5262	sandy
5263	scenario
5264	sheep
5265	situated
5267	sony
5268	spotted
5270	stanley
5271	sustainable
5272	sustained
5273	taxi
5276	tobacco
5277	trace
5279	turner
5280	uncomfortable
5282	weakness
5283	widespread
5284	xbox
5286	accessible
5287	acknowledge
5288	advised
5289	advisory
5290	animation
5291	assignment
5292	balanced
5293	bare
5294	basement
5297	bias
5298	birmingham
5301	carpet
5302	ceiling
5303	cherry
5304	chill
5305	classification
5306	clue
5308	cole
5309	collapse
5311	compound
5312	conscious
5313	consecutive
5314	contents
5315	costume
5316	craig
5318	devoted
5321	dominate
5322	earl
5323	endless
5325	examine
5326	float
5327	garbage
5328	gospel
5329	grain
5330	grid
5332	heating
5333	identification
5335	lap
5337	liver
5338	metro
5339	metropolitan
5341	mixture
5342	nominate
5343	oak
5344	parliamentary
5345	patent
5346	perception
5347	physician
5348	portland
5349	proceed
5350	proceedings
5351	pupil
5352	reserved
5353	restore
5354	rifle
5355	rival
5357	runner
5358	sadly
5363	significance
5367	soap
5368	spray
5371	structural
5372	suite
5374	tropical
5375	ukrainian
5376	unnecessary
5377	verse
5378	victor
5379	vintage
5380	warn
5381	watson
5382	acre
5383	adapted
5384	adoption
5385	anonymous
5386	antonio
5388	artistic
5389	attendance
5390	aviation
5391	barrel
5393	beloved
5394	bless
5399	chuck
5400	cinema
5401	colonial
5403	compliance
5404	contrary
5405	controlling
5407	couch
5409	crush
5410	dam
5411	decrease
5413	diabetes
5414	dressing
5418	genre
5419	gentle
5420	grammar
5421	hiv
5423	illustrate
5424	invent
5425	jake
5426	jam
5427	jamie
5428	jessica
5429	keith
5430	kent
5432	lease
5433	lens
5434	licensed
5435	loyalty
5436	madison
5437	magnetic
5438	metre
5440	mysterious
5441	notion
5442	partial
5445	propaganda
5446	rat
5447	reflection
5449	resolve
5450	revolutionary
5451	scandal
5452	shine
5453	si
5454	simultaneously
5455	substitute
5456	surveillance
5457	tactic
5458	testimony
5459	thai
5460	treasure
5461	trophy
5462	tweet
5463	tyler
5464	underlying
5465	unfair
5467	von
5468	wa
5469	acceptance
5472	annually
5473	apologize
5477	ash
5478	aunt
5479	benjamin
5480	blake
5481	bubble
5482	buyer
5483	casino
5487	counsel
5489	deadly
5491	der
5493	determination
5494	embrace
5496	exhibit
5498	gentleman
5500	halloween
5501	hammer
5502	hitler
5504	icon
5505	impose
5506	indigenous
5507	infinite
5508	installation
5509	inter
5512	iranian
5515	legislature
5516	liability
5517	maine
5519	manhattan
5520	marathon
5521	marvel
5522	michelle
5523	moreover
5525	neil
5527	ours
5528	parade
5529	paradise
5530	perceive
5531	pics
5534	preliminary
5535	premiere
5536	presidency
5538	react
5539	realistic
5540	remark
5541	retain
5542	roberts
5543	rocky
5544	russians
5546	satisfaction
5547	scratch
5548	shade
5550	sheriff
5551	shy
5552	sometime
5555	strictly
5556	sunshine
5558	thou
5559	tier
5560	tommy
5562	vancouver
5563	vocal
5567	yield
5568	accomplished
5569	admission
5571	aka
5573	bacon
5574	barrier
5575	belgium
5579	burst
5581	casting
5582	cattle
5584	classroom
5585	collins
5587	compromise
5588	convenient
5589	costa
5591	crop
5592	earthquake
5593	elderly
5594	eliminate
5595	embarrassing
5599	harbor
5600	harvey
5603	inform
5604	ion
5605	jeremy
5606	lesbian
5609	mathematics
5610	medication
5612	morris
5613	norway
5614	par
5615	podcast
5616	portfolio
5617	productivity
5619	protocol
5620	quietly
5621	rachel
5624	salad
5625	scholarship
5626	screening
5629	soup
5630	southeast
5631	stake
5633	strain
5635	swift
5636	tackle
5638	timeline
5639	torture
5641	translate
5644	urgent
5645	vegetable
5646	vertical
5647	violation
5648	wallet
5649	welsh
5650	workshop
5653	aboard
5654	abstract
5655	accent
5656	addiction
5658	awake
5659	beam
5660	bean
5661	binding
5662	blank
5663	buffalo
5665	commons
5668	conviction
5669	corrupt
5670	cow
5671	curve
5672	depressed
5673	deserved
5674	dine
5676	duration
5677	eddie
5678	emily
5681	fifteen
5683	ga
5686	grandmother
5687	harsh
5689	horn
5690	hurry
5691	immune
5692	inflation
5693	ingredient
5694	inspection
5697	intensity
5698	inventory
5700	invitation
5701	judicial
5702	justify
5703	kyle
5705	lean
5706	lecture
5708	logical
5709	mason
5710	meaningful
5711	migration
5712	missile
5713	motivate
5715	nancy
5716	norman
5717	northwest
5719	organ
5720	patrol
5721	pearl
5722	peer
5723	pepper
5724	pig
5725	pile
5726	plug
5727	provision
5730	revised
5731	rod
5733	stair
5734	stare
5735	statistical
5739	sweat
5741	syrian
5742	tattoo
5743	teenage
5744	thunder
5746	tragedy
5747	trauma
5748	vincent
5749	wrestling
5750	zoo
5751	accordance
5752	acquire
5753	activist
5756	alike
5757	applicable
5758	arrow
5759	availability
5761	ba
5762	bend
5764	breach
5765	cabin
5766	cage
5767	chancellor
5768	cheer
5770	closet
5772	companion
5774	consciousness
5775	consultant
5776	controller
5777	correspond
5778	courtesy
5779	cuba
5780	damages
5781	demanding
5782	disc
5787	embassy
5789	fascinating
5790	financing
5791	fitted
5792	flexible
5795	goodness
5796	guilt
5797	haven
5798	helicopter
5799	homework
5802	iconic
5803	infected
5804	keen
5805	kenya
5806	lesser
5809	mandatory
5811	mechanics
5812	mere
5813	miracle
5815	mud
5816	murphy
5817	nathan
5818	observation
5820	owe
5822	phenomenon
5823	pittsburgh
5825	precise
5826	profession
5827	prospect
5828	protective
5829	provider
5830	publisher
5831	putin
5832	reportedly
5833	retreat
5834	rookie
5835	sandwich
5838	separation
5839	sexually
5840	ski
5841	skilled
5842	sterling
5843	stuart
5844	surgeon
5845	theft
5848	valve
5849	visa
5850	washing
5851	adjacent
5853	appreciation
5854	arabia
5855	athletic
5856	authorize
5857	banner
5858	beijing
5860	blocking
5861	brad
5862	caribbean
5863	charm
5866	colony
5868	cookie
5869	cruel
5870	curriculum
5871	deadline
5872	deer
5873	delta
5875	dive
5876	divide
5877	easter
5878	electoral
5879	eleven
5880	entity
5881	excessive
5883	feminist
5884	govern
5885	ham
5886	heal
5887	interface
5888	ios
5889	jewelry
5890	journalism
5891	juan
5892	julia
5893	jungle
5894	linear
5896	occasional
5897	oriented
5898	pete
5901	predict
5904	prof
5905	provisions
5906	pursuit
5907	rap
5908	reflected
5909	reminder
5911	resume
5912	rev
5913	richmond
5914	ridge
5915	samsung
5916	scholar
5919	sri
5923	tribe
5924	unfortunate
5925	variable
5926	victorian
5928	xi
5930	ace
5931	adjusted
5932	alternate
5934	artwork
5935	ashley
5937	attraction
5938	babe
5939	bankruptcy
5940	canon
5941	capability
5943	catherine
5945	closure
5946	cognitive
5947	competitor
5948	connecticut
5954	defender
5955	dental
5956	diplomatic
5958	drum
5959	editorial
5961	entertaining
5962	est
5964	eternal
5965	freeze
5966	generic
5967	grandma
5968	grip
5969	handful
5970	happily
5971	harmony
5973	humble
5975	hybrid
5978	keyboard
5979	lasting
5980	locally
5982	mild
5983	minimal
5985	molecular
5988	noon
5989	nowadays
5990	openly
5991	overview
5993	palestinian
5994	parish
5995	pathetic
5998	potato
5999	potter
6000	preference
6002	proportion
6004	rage
6008	restoration
6009	selfish
6010	sergeant
6011	silk
6012	stamp
6013	throne
6014	thy
6015	urge
6017	warner
6019	witch
6022	archives
6023	array
6026	belly
6027	booth
6028	breakdown
6030	brutal
6031	calculate
6032	cam
6035	citizenship
6037	cliff
6039	consensus
6041	declaration
6042	dennis
6043	derby
6044	distinction
6045	donation
6049	facial
6050	faithful
6051	fatal
6052	fig
6053	fitting
6054	genuinely
6056	holland
6058	hunger
6059	hurricane
6060	implication
6061	import
6062	innovative
6063	ipad
6064	jurisdiction
6065	laughter
6066	lemon
6067	les
6069	loading
6070	lung
6071	matching
6072	mighty
6073	monetary
6075	nutrition
6076	ore
6077	os
6080	pine
6082	poorly
6083	portugal
6084	pose
6085	pour
6089	purely
6090	ralph
6091	rental
6095	seemingly
6097	severely
6098	shark
6100	southwest
6103	survivors
6105	technically
6106	titled
6108	unlimited
6111	advise
6112	anxious
6113	appearances
6114	bee
6115	bombing
6116	cafe
6117	carlos
6119	cigarette
6120	colin
6122	cult
6123	dairy
6124	dakota
6125	darling
6126	delight
6129	diary
6130	disagree
6132	drill
6136	euro
6137	evolve
6143	forecast
6145	governance
6147	hug
6148	importantly
6150	indoor
6151	influential
6152	intend
6153	invisible
6154	jeans
6156	julie
6157	karen
6159	lawsuit
6160	leak
6161	lighter
6162	lucas
6163	marcus
6167	musician
6168	olive
6169	passionate
6172	receiver
6174	riot
6175	rogers
6176	roster
6180	servant
6181	setup
6183	skull
6184	slot
6185	smash
6186	statue
6187	surprisingly
6188	surrender
6189	suspicious
6191	teenager
6192	tender
6193	thoroughly
6194	todd
6197	vacuum
6198	variation
6199	vi
6201	wi
6204	advances
6206	allegation
6207	anticipate
6209	architect
6210	basin
6211	beneficial
6212	bleeding
6213	breed
6214	breeding
6215	bride
6216	broadway
6217	bros
6218	bud
6219	butler
6221	cartoon
6223	chick
6224	coke
6225	comparable
6226	confirmation
6227	console
6228	contractor
6230	diameter
6231	dubai
6232	dublin
6233	dump
6234	duo
6235	dynamics
6236	elephant
6237	enhanced
6239	exhaust
6240	fabric
6241	fabulous
6242	fairy
6245	fold
6246	freak
6247	frustrated
6248	gamble
6249	gently
6250	glorious
6251	grief
6252	harrison
6253	historically
6254	hub
6255	hughes
6256	inevitable
6262	layout
6264	lodge
6266	merchant
6267	merit
6268	micro
6269	myth
6270	nintendo
6272	obsess
6273	organise
6274	overwhelming
6275	pale
6276	particle
6277	pastor
6279	permanently
6282	poison
6288	provincial
6291	rebel
6293	rotation
6294	separately
6296	shaw
6301	subtle
6304	toll
6307	tragic
6308	trainer
6309	transform
6310	unbelievable
6311	underneath
6314	viral
6315	warehouse
6317	widow
6320	adjust
6321	administrator
6322	affecting
6323	allied
6324	altogether
6325	animate
6327	assess
6328	assumption
6329	assured
6330	austria
6333	basket
6334	beard
6335	bio
6336	blanket
6338	bucket
6339	burger
6344	compute
6345	concentrate
6348	continent
6350	cruz
6351	curse
6353	drain
6354	emission
6355	ethical
6356	excellence
6357	flame
6359	freely
6362	graduation
6363	hint
6364	horizon
6365	hostile
6367	inhabitant
6368	ink
6369	inn
6370	intel
6374	lucy
6376	matrix
6378	miserable
6379	momentum
6380	monkey
6381	montreal
6382	motorcycle
6383	nationwide
6384	nest
6385	newcastle
6386	nicely
6387	ninth
6388	nomination
6389	notable
6390	obligation
6391	optical
6392	outlook
6393	penny
6394	petty
6399	prospects
6401	quantity
6402	quantum
6403	rainbow
6405	recognise
6406	reed
6407	reign
6412	scan
6416	span
6417	specialize
6418	spencer
6419	submission
6420	sunny
6422	te
6423	testament
6424	toe
6426	tremendous
6427	valued
6429	ab
6430	accommodation
6433	adorable
6434	allegedly
6435	ambulance
6436	ar
6437	ashamed
6438	assure
6439	bailey
6440	ballot
6442	blessing
6444	cemetery
6445	chambers
6448	chile
6450	compact
6452	consult
6456	deficit
6457	demo
6458	demon
6459	demonstration
6460	detect
6461	detection
6462	doll
6463	donate
6464	elaborate
6465	elder
6467	expertise
6470	fiber
6472	fry
6473	grocery
6475	guinea
6476	halfway
6478	heel
6479	holmes
6480	hull
6481	independently
6482	indication
6483	insist
6485	intensive
6486	interactive
6487	intimate
6488	laundry
6491	linda
6492	martial
6493	nigerian
6494	northeast
6496	packing
6498	password
6499	pokemon
6500	politically
6501	presumably
6504	pronounced
6505	prosecution
6507	pulse
6511	rational
6512	realm
6517	rope
6519	shout
6520	sierra
6521	smartphone
6522	specify
6523	spectacular
6524	stan
6525	streak
6526	subscription
6527	switching
6528	technological
6529	temporarily
6530	tolerance
6532	traditionally
6535	unhappy
6537	yup
6538	accomplish
6539	adequate
6540	alter
6541	apology
6542	arkansas
6543	attribute
6544	beg
6547	bout
6549	brass
6550	buzz
6551	clarke
6552	comeback
6553	cos
6558	diagnose
6559	diesel
6560	dimensions
6561	dip
6562	disturbing
6564	dot
6566	dylan
6567	effectiveness
6569	ellen
6570	embarrass
6571	exceptional
6572	filing
6573	flee
6574	foul
6575	frankly
6576	freezing
6577	graph
6578	hack
6579	hannah
6580	hatred
6581	ignorant
6583	interact
6586	lamp
6587	limitation
6588	majesty
6589	measurement
6591	median
6592	medieval
6593	milan
6594	mobility
6595	montana
6598	ne
6599	nyc
6601	orientation
6602	oven
6603	owen
6604	passport
6605	penis
6606	pill
6608	proceeds
6609	rabbit
6613	retire
6614	rhythm
6615	ruth
6616	savage
6619	shooter
6620	sibling
6621	slim
6622	someday
6623	sophisticated
6624	spam
6626	stack
6627	stance
6629	static
6630	subway
6631	supportive
6632	surgical
6634	tablet
6635	tent
6636	thesis
6637	tide
6638	travels
6639	wallace
6640	warfare
6644	withdraw
6645	withdrawal
6647	aging
6650	anyways
6652	audit
6653	authentic
6654	ave
6655	backwards
6656	bi
6657	blonde
6659	bolt
6660	brook
6662	bust
6663	clearing
6665	collar
6666	columbus
6667	comply
6668	cope
6671	creepy
6673	denmark
6674	divorced
6677	dried
6678	ebay
6679	echo
6681	edwards
6682	emotionally
6683	enhance
6686	finale
6687	flavor
6690	glove
6691	harper
6692	hart
6693	ignorance
6696	induce
6698	intermediate
6699	invention
6700	ip
6701	jesse
6705	likewise
6706	lineup
6707	logan
6708	magnificent
6709	mathematical
6710	meantime
6712	nevada
6714	nonetheless
6715	nut
6717	oppose
6719	orlando
6722	pipeline
6723	placement
6727	puerto
6728	questioning
6729	recreation
6730	renew
6731	resigned
6733	shallow
6734	shanghai
6736	singh
6738	sketch
6740	soda
6741	spite
6743	strengthen
6745	sunset
6746	taiwan
6747	thanksgiving
6748	thee
6749	thermal
6753	workplace
6754	yell
6755	yorkshire
6758	amsterdam
6759	analyst
6760	arabic
6761	arctic
6763	bennett
6764	bristol
6767	calories
6768	cannabis
6769	cease
6771	chapel
6772	cloth
6775	container
6776	cowboy
6778	deploy
6779	differ
6780	dimensional
6781	eager
6783	elevate
6784	essence
6788	fork
6789	fur
6791	harold
6792	harvest
6793	headline
6794	hudson
6795	hype
6799	jo
6800	junk
6801	kenny
6802	kidney
6804	ladder
6805	lloyd
6806	lobby
6807	marc
6809	mineral
6810	mob
6811	modest
6814	navigation
6815	nicholas
6816	orbit
6817	paragraph
6818	passive
6819	peninsula
6820	phillips
6822	pork
6823	portuguese
6824	profitable
6826	ranch
6828	reasonably
6830	remainder
6833	seize
6834	semester
6835	sentiment
6838	sock
6842	supplement
6844	thereby
6845	threshold
6846	til
6847	tin
6848	tire
6849	tribal
6851	trunk
6852	uncertainty
6853	vampire
6854	varied
6855	verdict
6857	accommodate
6858	accordingly
6859	aesthetic
6860	algorithm
6861	altered
6862	anchor
6863	angela
6864	apr
6865	arch
6867	au
6869	axis
6870	badge
6871	bernard
6872	bizarre
6873	bounce
6874	broadcasting
6878	cannon
6879	carol
6883	complexity
6884	confuse
6885	consultation
6886	continental
6887	convenience
6888	deliberately
6890	diana
6891	dictionary
6892	dignity
6893	dimension
6894	disappointing
6896	doug
6897	duncan
6898	ego
6899	enthusiasm
6901	equation
6902	extract
6904	ferry
6905	fisher
6906	flexibility
6909	fridge
6911	fusion
6912	gauge
6913	goat
6915	gut
6916	heck
6917	helmet
6919	ideology
6921	inclusion
6923	innings
6924	insect
6925	instructor
6926	isolation
6928	justified
6929	keeper
6930	lamb
6931	liar
6932	machinery
6933	mansion
6934	mega
6935	mercury
6936	namely
6943	ordering
6944	palmer
6947	pending
6948	platinum
6949	possess
6951	premise
6952	probability
6956	resignation
6957	rider
6958	ritual
6959	ruins
6960	shelf
6961	slam
6963	starter
6965	subscribe
6966	superman
6968	ta
6974	utterly
6975	voltage
6977	width
6978	workout
6979	aa
6980	abu
6981	activate
6982	adaptation
6983	advisor
6984	aluminum
6988	bail
6991	bradley
6992	brandon
6995	cal
6996	caroline
6997	characterize
6998	civilization
6999	congrats
7001	creativity
7003	delicate
7004	den
7005	derek
7007	disappointment
7008	disk
7010	evaluate
7011	formally
7012	frames
7013	goddess
7014	gov
7015	hampshire
7016	harassment
7018	hugh
7019	insert
7020	joan
7021	lebanon
7022	leeds
7023	legit
7024	leonard
7025	liquor
7026	loser
7027	malcolm
7028	massage
7031	milwaukee
7033	nato
7034	nephew
7035	notably
7036	orchestra
7037	oz
7039	pad
7040	pakistani
7042	precision
7043	preservation
7045	privately
7050	relaxed
7053	rumor
7054	sail
7055	salmon
7056	secretly
7057	seller
7058	sen
7059	seo
7060	sheer
7062	simpson
7064	specially
7065	stark
7067	sympathy
7068	tan
7070	theoretical
7071	thumb
7072	timber
7073	transparent
7074	travis
7078	upside
7081	vitamin
7082	void
7083	voluntary
7084	wheat
7085	whip
7086	wipe
7088	wrist
7091	acute
7092	admiral
7093	amanda
7094	arnold
7096	banana
7097	behave
7099	blair
7100	bo
7101	borrow
7103	capitol
7104	celtic
7105	chan
7106	chin
7107	civic
7108	clerk
7110	considerably
7112	cottage
7113	coup
7114	criticize
7115	crude
7116	dash
7121	disclosure
7122	disposal
7123	distinctive
7127	drone
7132	escort
7134	firmly
7135	flour
7137	geneva
7138	hindu
7140	indie
7141	indirect
7143	institutional
7144	interim
7146	java
7147	jefferson
7148	jerk
7149	karl
7150	kindly
7151	kindness
7154	lottery
7155	louise
7156	magnitude
7158	minus
7161	nude
7163	outlet
7165	parameter
7166	pause
7167	pledge
7168	portal
7169	prescription
7170	protester
7171	proving
7172	publicity
7173	punish
7174	puppy
7175	recruitment
7178	shakespeare
7179	silicon
7180	slice
7181	spelling
7182	spur
7183	subscriber
7185	survivor
7186	telegraph
7188	vaccine
7189	vinyl
7190	westminster
7193	accurately
7194	adelaide
7195	affiliate
7196	alfred
7197	asylum
7198	barn
7199	bent
7200	bernie
7201	brussels
7202	cathedral
7203	centered
7205	clause
7206	cluster
7209	consistency
7212	cylinder
7213	dancer
7214	deaf
7216	denial
7218	dock
7219	entrepreneur
7220	evident
7221	expectation
7222	expedition
7225	facilitate
7227	feat
7228	fossil
7230	freight
7234	honesty
7235	inappropriate
7236	infant
7237	initiate
7238	injection
7239	instrumental
7240	insult
7241	interference
7242	interstate
7243	julian
7246	linux
7247	luis
7249	mediterranean
7251	neat
7252	negotiate
7253	neo
7254	nicole
7256	offset
7257	outbreak
7258	pal
7259	palestine
7260	perfection
7262	pirate
7266	probe
7267	prohibit
7270	quarterly
7272	recruit
7274	rehabilitation
7275	reid
7276	remix
7277	resistant
7278	reynolds
7282	roller
7283	sailing
7285	skinny
7287	sneak
7289	sore
7290	spark
7291	speculation
7292	steep
7293	stevens
7294	straw
7295	successor
7299	uncertain
7300	upload
7301	vector
7303	weigh
7304	whatsoever
7305	wicked
7306	abraham
7307	absent
7308	acoustic
7309	adapt
7310	ancestor
7311	archive
7312	atomic
7314	bicycle
7315	bryan
7316	bump
7318	cart
7319	circus
7320	claire
7321	cocaine
7322	cohen
7324	compelling
7325	compile
7326	complication
7328	cord
7329	crowded
7330	cyber
7331	dale
7333	defendant
7335	dense
7336	desperately
7337	doctrine
7339	financially
7340	freshman
7341	furious
7342	gameplay
7343	geography
7344	gig
7346	habitat
7347	harbour
7348	hazard
7349	hydrogen
7350	imply
7351	intact
7352	intake
7353	irrelevant
7354	jaw
7355	jin
7356	kitty
7357	lauren
7358	lawn
7360	martha
7362	mercedes
7363	mistaken
7364	moses
7365	nashville
7366	nebraska
7367	needle
7368	ol
7371	ottawa
7372	oval
7373	pity
7374	pond
7375	porter
7377	prey
7378	prophet
7379	raymond
7382	referendum
7384	regulate
7385	rounded
7386	ruby
7388	sander
7391	seasonal
7393	sensible
7394	sequel
7396	shifting
7400	stanford
7402	teammate
7404	township
7406	twisted
7407	usb
7408	vienna
7409	wade
7410	whale
7411	writings
7412	admire
7413	af
7414	amber
7415	ankle
7416	armor
7417	autism
7418	bachelor
7419	berry
7420	billions
7421	brady
7422	brisbane
7424	bully
7425	capitalism
7426	caution
7427	certification
7429	clan
7430	clash
7432	compatible
7434	condemn
7435	configuration
7436	continuously
7437	convincing
7439	curiosity
7444	explosive
7445	flooding
7446	fortunate
7447	fortunately
7449	frontier
7450	frustrate
7451	frustration
7452	geographic
7453	glenn
7454	grande
7455	grasp
7456	handy
7457	hardcore
7458	harmful
7459	headache
7460	hers
7461	hispanic
7462	incentive
7463	inclusive
7465	jackie
7466	joel
7469	licence
7471	madness
7472	mandate
7473	manga
7474	memorable
7475	merger
7482	po
7483	poker
7484	portable
7486	quebec
7487	randomly
7490	resign
7491	revealing
7492	rico
7493	robbery
7494	rub
7496	sally
7497	scattered
7498	scout
7500	sexuality
7502	slap
7503	steak
7504	succession
7505	superintendent
7506	suspicion
7507	sweep
7508	tactical
7510	therapist
7511	thereafter
7512	thorough
7513	tuition
7514	tumor
7515	usd
7518	wholesale
7519	wwe
7520	administer
7523	architectural
7524	artillery
7525	assemble
7526	bangladesh
7527	barack
7532	canvas
7533	canyon
7534	casey
7535	cheek
7536	chen
7537	cincinnati
7538	circular
7539	circulation
7540	clearance
7542	coincidence
7543	comedian
7546	concentrated
7547	conscience
7548	cooler
7549	countless
7550	curry
7551	dame
7552	deceased
7553	dedication
7555	detention
7557	drake
7559	enforce
7560	explicit
7561	explicitly
7563	florence
7564	flu
7565	forbidden
7566	fraction
7569	infantry
7570	integral
7572	janet
7574	katie
7575	kidnap
7577	lightly
7580	marble
7581	maritime
7582	melt
7584	monica
7585	mumbai
7586	nominee
7587	oath
7588	offence
7589	packaging
7590	patriot
7591	pee
7592	pillow
7594	polar
7595	prediction
7596	preview
7599	puzzle
7600	rapper
7601	rebecca
7602	reconstruction
7603	renowned
7604	revelation
7605	sara
7609	skirt
7610	socially
7611	spa
7612	spike
7613	sprint
7614	stir
7616	substantially
7617	suburb
7618	superb
7619	supposedly
7620	tab
7621	tendency
7623	theirs
7624	toast
7626	touchdown
7627	trait
7628	trek
7629	tricky
7630	triumph
7631	uber
7632	underwear
7633	unto
7634	viable
7635	waist
7637	wit
7638	wreck
7639	absurd
7640	accessories
7641	adrian
7643	ag
7644	ambitious
7645	amid
7647	appealing
7650	ballet
7651	bargain
7652	binary
7653	blend
7654	blogs
7655	brake
7657	businessman
7658	cab
7660	chi
7661	col
7662	collision
7663	colombia
7664	compassion
7665	consume
7667	correction
7668	cough
7671	czech
7674	depot
7675	distress
7676	documentation
7678	dramatically
7682	elegant
7683	elevator
7684	ellis
7689	feast
7690	finland
7691	frederick
7693	frost
7695	herald
7696	hike
7697	hollow
7698	homeland
7701	ing
7702	internationally
7703	iraqi
7704	itunes
7705	kane
7707	lame
7709	lily
7710	limiting
7711	locker
7712	mainland
7713	marking
7714	meditation
7715	messenger
7718	munich
7719	norwegian
7720	pencil
7721	philosophical
7722	pierre
7724	plasma
7725	plea
7727	purse
7728	quarterback
7729	reagan
7730	ref
7731	relieve
7733	reservation
7734	rhetoric
7737	salvation
7738	sanction
7739	secular
7740	sensitivity
7741	shane
7742	sigh
7743	sixteen
7744	sovereign
7745	specification
7747	spouse
7748	stat
7749	supervisor
7750	synthetic
7752	tense
7753	terrify
7754	toyota
7756	trader
7757	troy
7759	vegan
7760	waking
7761	walmart
7762	wang
7763	wilderness
7765	adviser
7766	aggregate
7767	anal
7768	anatomy
7769	annie
7771	applicant
7772	automobile
7773	barnes
7775	cement
7776	chess
7779	composite
7780	consequently
7783	cox
7784	curtis
7785	decorate
7786	delegate
7788	dull
7790	fare
7794	generator
7795	grind
7796	grinding
7797	grove
7799	gum
7800	hobby
7802	idol
7803	illusion
7804	incorrect
7805	jun
7806	junction
7807	lance
7808	leap
7811	lou
7812	lynch
7815	medicare
7816	modeling
7817	motive
7818	nazis
7819	neighbourhood
7822	newton
7824	optimal
7826	overtime
7829	playstation
7831	postal
7833	prep
7835	profound
7836	prosecutor
7837	rebellion
7838	recipient
7839	refund
7842	risky
7843	robust
7844	scam
7845	sci
7846	sep
7847	shareholder
7848	sided
7849	simulation
7850	sober
7851	spice
7852	squeeze
7854	supervision
7856	swap
7858	terrain
7860	themed
7862	thrill
7863	towel
7864	trio
7866	unconscious
7867	und
7870	verify
7871	vibe
7872	virtue
7873	wifi
7875	workforce
7876	zombie
7879	alot
7880	amen
7881	andrews
7882	arise
7884	automotive
7885	battlefield
7887	berkeley
7888	bloom
7890	bundle
7891	butterfly
7893	casualty
7895	chad
7896	clown
7898	conjunction
7899	costly
7902	cuban
7905	davies
7906	descent
7907	desktop
7908	dial
7909	directory
7911	discharge
7913	dodge
7915	drilling
7917	elimination
7919	es
7920	espn
7921	ginger
7923	guild
7924	halt
7925	han
7926	henderson
7927	ibm
7928	imaging
7931	inability
7932	incoming
7933	isaac
7934	jar
7935	kay
7937	leicester
7938	liam
7939	litigation
7940	mentor
7941	merchandise
7943	miner
7944	monk
7946	ni
7947	noah
7948	norm
7951	offend
7952	orthodox
7953	overhead
7954	pac
7955	painter
7957	perth
7958	pierce
7959	pistol
7960	printer
7961	prone
7962	raider
7963	readily
7965	regiment
7967	reunion
7968	revival
7969	sanctuary
7970	satan
7971	satisfying
7974	sensor
7975	seoul
7977	siege
7978	sixty
7979	sleeve
7980	sonic
7981	soundtrack
7983	spine
7984	steer
7986	sullivan
7987	sustain
7988	tenure
7989	texture
7990	thankful
7992	treasurer
7993	triangle
7994	unclear
7996	venezuela
7997	venice
7998	vladimir
7999	wizard
8000	yankees
8001	absorbed
8002	admin
8003	affection
8004	airplane
8005	altitude
8006	athens
8008	bake
8010	beautifully
8011	betty
8012	biblical
8014	boo
8015	cardiff
8017	coloured
8018	competent
8019	countryside
8021	crane
8022	debris
8023	delegation
8024	demographic
8026	donor
8028	educate
8029	enabling
8030	enroll
8031	enrollment
8032	essex
8033	exceed
8034	exclude
8036	fierce
8038	gabriel
8039	garlic
8040	gaza
8041	gratitude
8042	hail
8043	heroin
8044	honda
8046	illustration
8048	indicator
8049	inequality
8050	ins
8051	interpret
8052	jamaica
8053	joey
8054	joshua
8056	leisure
8057	lend
8059	leon
8060	lounge
8061	luckily
8062	manuscript
8063	marco
8065	mint
8066	molecule
8067	montgomery
8068	notification
8069	nova
8070	oakland
8071	outline
8072	pasta
8073	pi
8074	polite
8078	randy
8079	receipt
8081	reliability
8083	retailer
8085	romans
8086	runway
8087	sculpture
8090	seth
8091	sharon
8092	showcase
8094	su
8095	subsidiary
8096	tampa
8097	tenth
8098	theology
8101	underwater
8103	velocity
8105	wax
8106	wikipedia
8107	winston
8108	yay
8109	yu
8111	accountability
8112	aerial
8113	albeit
8114	alcoholic
8115	amaze
8116	ambition
8117	ammunition
8118	anthem
8120	automated
8122	batch
8124	carson
8125	catalog
8126	catalogue
8127	charitable
8128	christine
8131	collector
8132	compliment
8133	consisted
8134	continually
8135	coordinator
8136	damaging
8137	danish
8138	def
8139	deployment
8141	enjoyable
8142	exotic
8143	exterior
8144	feminine
8145	firearm
8146	fountain
8147	fury
8149	genocide
8150	glance
8151	glow
8152	hay
8154	hebrew
8155	hometown
8156	humanitarian
8157	hungary
8158	idaho
8159	immunity
8161	inherit
8165	lebron
8166	liberation
8167	likelihood
8168	lone
8169	massacre
8170	meme
8171	mitch
8172	mod
8173	nationalist
8175	necessity
8176	nickname
8177	nixon
8178	observer
8179	offshore
8180	optional
8181	papa
8183	paste
8185	pioneer
8186	plaza
8187	prescribe
8189	prosperity
8191	recreational
8193	refuge
8195	renewable
8196	richardson
8197	ricky
8199	ronald
8200	sack
8202	sheffield
8203	shortage
8207	sophie
8208	sphere
8212	suburban
8214	supplier
8216	terribly
8217	territorial
8219	thriller
8220	toss
8221	transgender
8222	troubled
8223	turtle
8224	ur
8225	verbal
8226	violate
8228	wool
8229	yang
8230	accountable
8231	advocacy
8232	aftermath
8233	aggression
8234	analyze
8236	arguably
8238	armstrong
8241	balloon
8245	blunt
8249	brigade
8250	bulgaria
8251	burial
8253	cardinal
8254	champ
8255	champagne
8258	chorus
8259	chrome
8260	clarity
8262	cleaner
8265	confidential
8266	coordination
8270	delaware
8272	discretion
8273	ditch
8274	dome
8275	dope
8276	drought
8279	elevation
8281	epa
8282	esteem
8283	eva
8285	fe
8286	finances
8288	fog
8291	gesture
8292	ghana
8293	gibson
8294	gif
8295	gilbert
8296	gosh
8297	griffin
8298	historian
8299	horizontal
8300	hospitality
8301	hostage
8303	individually
8304	inevitably
8305	jeffrey
8306	kenneth
8307	lad
8308	lakers
8311	leslie
8313	literacy
8316	migrant
8317	mins
8318	misleading
8319	moisture
8320	monument
8321	mortality
8324	obsession
8325	opt
8327	peanut
8328	penn
8329	persistent
8331	petroleum
8332	pharmaceutical
8333	progression
8334	quinn
8335	ra
8336	rack
8337	rebuild
8339	rejection
8341	reservoir
8342	respects
8343	riley
8344	scrap
8345	sebastian
8346	sensation
8347	shaft
8348	shepherd
8349	shuttle
8350	slope
8351	snack
8352	sounding
8354	spotlight
8355	stab
8356	stern
8357	stiff
8358	striker
8359	sudan
8363	tel
8364	terrific
8366	titan
8367	tomato
8368	tory
8370	transparency
8371	trinity
8372	unemployed
8373	unite
8374	unlock
8375	vault
8376	vet
8377	vince
8378	wagon
8379	walt
8380	withdrawn
8382	adverse
8384	allah
8385	alumnus
8386	ana
8387	awhile
8388	aye
8392	biography
8394	broker
8395	browser
8396	bury
8397	cellular
8398	cocktail
8399	cod
8400	conditioning
8404	counseling
8406	cub
8407	cuz
8409	designing
8410	destructive
8412	dislike
8416	embedded
8421	farewell
8423	fist
8424	fond
8425	foolish
8426	frog
8428	garcia
8429	gifted
8431	hawk
8432	heir
8434	holocaust
8435	homer
8436	hon
8437	hopkins
8438	imprisonment
8439	indonesian
8440	irs
8442	jenny
8443	ji
8445	landlord
8446	landmark
8447	lanka
8450	liable
8452	memphis
8453	midst
8454	misery
8455	module
8456	mommy
8457	monroe
8458	mosque
8459	moss
8462	nursery
8463	obamacare
8464	onion
8466	peru
8468	plague
8470	positively
8471	powell
8477	resting
8478	rex
8479	rogue
8480	roosevelt
8484	sharply
8486	sincerely
8488	solidarity
8489	specialty
8490	supernatural
8493	tens
8494	thirteen
8495	tomb
8498	trademark
8499	trim
8500	umbrella
8502	voyage
8504	willie
8506	abbey
8508	adjustment
8509	andrea
8511	attachment
8512	baron
8513	beatles
8514	belfast
8515	blah
8517	bomber
8519	bunny
8520	candle
8521	carve
8522	choir
8523	clutch
8524	coconut
8526	comprise
8527	confession
8529	corridor
8530	credibility
8532	critically
8534	distracted
8536	dolphin
8538	ferguson
8539	ferrari
8542	fourteen
8543	fu
8544	geometry
8547	gossip
8549	grandparent
8551	haul
8552	header
8553	headphone
8555	holly
8556	immense
8559	interfere
8560	intersection
8561	investigator
8562	juvenile
8563	karma
8564	ki
8566	kurt
8568	leverage
8569	lil
8570	lining
8571	luther
8572	manila
8573	mankind
8574	mapping
8576	med
8577	metric
8578	militia
8580	ncaa
8582	nike
8583	node
8584	obstacle
8585	opener
8586	overwhelm
8587	performer
8590	pointless
8593	prompt
8594	proximity
8595	qualification
8596	qualifications
8598	render
8602	sadness
8604	selective
8607	shiny
8608	socialism
8610	sour
8611	spoon
8612	stressful
8615	teddy
8616	tenant
8617	terrace
8618	thief
8620	tribunal
8621	undoubtedly
8624	villain
8626	whistle
8629	yale
8630	yearly
8631	yemen
8633	abusive
8634	alley
8636	appetite
8637	backyard
8638	beth
8639	beverly
8641	billboard
8643	boris
8645	burke
8648	calculation
8650	conceive
8655	damned
8656	dissolve
8657	distinguish
8659	dynasty
8660	economist
8661	endorse
8662	europeans
8664	extensively
8665	fda
8667	forehead
8668	foreigner
8669	forgiveness
8670	gem
8671	glen
8673	gregory
8674	haunt
8675	hayes
8676	heather
8678	hypothesis
8679	illegally
8681	incline
8682	informal
8683	jew
8686	marker
8687	marsh
8688	marshal
8689	maturity
8690	maya
8691	messy
8692	mia
8693	minneapolis
8694	molly
8695	morrison
8697	muhammad
8698	neighboring
8699	neighbour
8700	ninja
8701	optimistic
8703	owl
8704	parenting
8706	pharmacy
8707	pools
8709	problematic
8711	processor
8712	promotional
8714	prospective
8715	psychiatric
8717	renaissance
8718	repeal
8719	reuters
8721	roast
8722	robertson
8723	rubbish
8724	saga
8725	salon
8726	seventeen
8729	sodium
8730	surplus
8731	swallow
8732	systematic
8734	transmit
8736	unacceptable
8737	unaware
8738	uncommon
8739	underway
8740	unify
8741	unstable
8742	upstairs
8743	vague
8744	wee
8745	woo
8747	zip
8749	abs
8750	abundance
8752	ahh
8753	alberta
8754	ant
8755	antique
8756	autonomy
8757	baptist
8758	behavioral
8759	biden
8760	booking
8761	breeze
8762	brett
8764	canadians
8765	carnival
8766	commodity
8767	congressman
8769	cooperative
8770	coral
8771	correlation
8772	correspondent
8773	coupon
8774	covid
8776	curtain
8781	dentist
8782	dodger
8783	dough
8785	endanger
8786	envelope
8788	fade
8789	fatigue
8790	fellowship
8791	fictional
8792	fragile
8793	fringe
8794	fulfill
8796	granite
8798	handbook
8799	hardy
8803	instinct
8804	inviting
8805	irony
8806	ivan
8807	joyce
8808	judgement
8809	judiciary
8810	jumps
8812	legion
8813	lethal
8814	lime
8815	lively
8816	logistics
8818	lynn
8819	maid
8821	manuel
8822	maple
8823	mickey
8824	midfielder
8825	mindset
8826	mistress
8828	mon
8830	morality
8831	mortal
8832	mounting
8833	nonprofit
8834	nsa
8836	operative
8839	panama
8841	pickup
8844	prestigious
8847	radius
8848	referee
8849	relay
8850	rig
8853	sacramento
8854	scroll
8860	sovereignty
8862	stunt
8865	sunlight
8866	surf
8867	symbolic
8868	sync
8869	taxpayer
8870	tempt
8871	thrust
8872	trevor
8873	trilogy
8874	url
8876	wheelchair
8879	yahoo
8881	yourselves
8883	accusation
8887	allowance
8888	andre
8890	arbitrary
8891	atm
8892	autonomous
8894	bait
8895	bark
8897	blogger
8898	bra
8899	brighton
8900	brotherhood
8901	buddhist
8902	builder
8904	carriage
8906	censorship
8909	clarify
8911	comp
8912	compilation
8913	composer
8915	constitute
8916	correspondence
8919	desirable
8920	devastate
8921	diagram
8924	erect
8925	explorer
8927	favorable
8928	feminism
8929	flaw
8932	galleries
8933	gasoline
8934	genesis
8935	geographical
8937	governmental
8938	grandson
8943	herbert
8946	incomplete
8947	incorporate
8948	interrupt
8949	ivory
8950	kerry
8951	kirk
8952	lang
8953	lengthy
8954	levy
8956	manipulation
8960	mock
8961	necklace
8962	niche
8963	nina
8965	obscure
8966	ot
8967	para
8968	peterson
8970	porch
8971	portray
8972	possessed
8973	princeton
8974	proposition
8977	recession
8978	richards
8979	rim
8981	secondly
8984	sherman
8985	spinal
8986	spiral
8987	spit
8988	splash
8990	successive
8991	superhero
8993	therapeutic
8995	ti
8996	timely
8998	tub
8999	ufc
9000	undergraduate
9002	uranium
9003	utter
9004	vietnamese
9005	volleyball
9006	walsh
9010	advertisement
9013	atmospheric
9014	bangkok
9018	bracket
9020	bryant
9021	cairo
9022	cardiac
9023	catholics
9026	confront
9028	crawford
9029	creep
9030	daylight
9031	dee
9032	dems
9033	devon
9034	disclose
9035	doe
9036	donna
9037	elbow
9039	enthusiastic
9040	envy
9042	exile
9043	exploitation
9044	felix
9046	gel
9047	genetics
9048	goose
9049	grill
9050	grounded
9053	heroic
9054	hut
9055	inmate
9056	instruct
9057	ira
9058	jenkins
9059	johns
9061	louisville
9062	malaysian
9064	marina
9065	mat
9066	melissa
9067	milton
9068	miranda
9070	monopoly
9071	nash
9072	nationally
9073	nobel
9074	norfolk
9075	outrage
9078	paperwork
9082	poisoning
9083	promptly
9084	que
9087	renewal
9090	robbie
9091	ruler
9096	sincere
9097	skate
9099	slaughter
9101	sox
9102	sperm
9103	spill
9104	steadily
9107	swamp
9108	swan
9110	synthesis
9111	tasty
9112	tattoos
9114	testify
9115	tolerate
9117	traveler
9118	treason
9119	trustee
9120	typing
9121	urine
9122	vanilla
9123	vermont
9124	vic
9125	vii
9126	violet
9127	weighing
9128	wendy
9129	activation
9130	afghan
9131	afterward
9133	ahmed
9134	allocate
9136	applause
9137	bald
9139	boil
9140	borough
9141	boyd
9143	breakthrough
9144	calif
9145	ce
9149	churchill
9153	cone
9155	convey
9156	critique
9158	curved
9159	cyrus
9160	decay
9162	depress
9163	dessert
9165	diagnostic
9166	diane
9167	differential
9168	discourse
9170	dominance
9174	economically
9175	entertain
9177	exploit
9178	fireworks
9180	floyd
9182	freeman
9184	gandhi
9185	gateway
9186	ge
9188	humidity
9189	humour
9190	imagery
9193	inherent
9194	inland
9195	inning
9196	innocence
9198	isle
9199	ivy
9200	justification
9201	ka
9202	katherine
9203	lego
9205	livestock
9206	liz
9208	mafia
9210	merry
9211	mick
9212	missionary
9213	nationalism
9214	naughty
9215	nepal
9216	newman
9217	notify
9218	notorious
9219	obey
9220	olivia
9221	organizational
9223	outright
9224	overly
9225	oversight
9226	panther
9227	persian
9233	prototype
9234	pumpkin
9237	ramp
9238	rand
9239	reactor
9240	reef
9241	refined
9242	refreshing
9243	refusal
9244	reinforce
9245	remedy
9246	reset
9247	sage
9248	shave
9249	sickness
9256	startup
9257	statute
9259	straightforward
9262	superstar
9263	telecommunications
9265	thoughtful
9266	thru
9268	toddler
9269	utilize
9270	vicious
9272	vikings
9273	vodka
9275	wholly
9276	zoom
9277	accidental
9279	addict
9281	apollo
9282	archbishop
9283	assassination
9284	athletics
9285	basics
9287	belgian
9288	bibliography
9289	bot
9290	broadly
9291	calcium
9292	calvin
9294	capita
9295	certainty
9298	christina
9299	citation
9301	collectively
9304	compression
9305	comprised
9306	confess
9307	confined
9308	congregation
9309	consolidate
9310	coordinate
9311	coordinates
9312	cube
9313	dana
9315	decoration
9316	decree
9318	deliberate
9319	despair
9321	dividend
9323	drift
9324	dye
9325	eden
9326	educator
9327	electron
9328	endure
9329	enzyme
9330	evolutionary
9334	fragment
9335	fraser
9337	geological
9338	globally
9339	gram
9340	guru
9342	hans
9343	hatch
9344	hindi
9347	hormone
9348	inadequate
9349	indianapolis
9350	infinity
9351	intentionally
9353	kilometer
9354	labs
9355	lace
9356	libya
9359	maiden
9361	marketplace
9362	membrane
9364	metallic
9365	methodology
9366	modification
9368	murderer
9369	nap
9370	nickel
9371	niece
9376	overlook
9377	pardon
9379	persuade
9380	pier
9383	predecessor
9385	quiz
9386	rainfall
9388	reckless
9389	redemption
9393	replay
9394	revision
9395	rooted
9396	scent
9397	slate
9399	stimulus
9401	structured
9402	sunrise
9403	surge
9407	tee
9409	timothy
9410	token
9411	tornado
9412	tracy
9415	twilight
9416	unprecedented
9417	vagina
9419	vocabulary
9420	wellington
9421	whoa
9422	willingness
9423	woody
9424	worthless
9425	yacht
9427	aberdeen
9428	absorb
9431	advancement
9432	albany
9434	alt
9435	alternatively
9436	anglo
9437	archer
9438	asap
9439	assurance
9440	barber
9441	bash
9442	battalion
9444	boycott
9446	bruno
9448	bulgarian
9449	carpenter
9451	chester
9452	coding
9455	cuisine
9456	detain
9457	dioxide
9459	doom
9460	dub
9461	ea
9462	eclipse
9463	eighteen
9464	eleanor
9466	enjoyment
9468	expire
9470	forbes
9471	forwards
9473	fundraising
9474	gal
9475	glimpse
9479	homemade
9480	honorable
9481	infectious
9482	inferior
9483	injustice
9485	insulin
9487	intro
9489	jill
9490	kindle
9491	lid
9492	lindsay
9494	manor
9495	masterpiece
9496	melody
9497	memo
9498	mic
9501	myanmar
9502	narrator
9503	nate
9506	obesity
9507	partisan
9508	planting
9509	pony
9510	posed
9512	privileged
9513	prolonged
9514	promo
9515	protestant
9520	reliance
9522	reluctant
9524	respiratory
9525	retention
9527	ribbon
9528	rochester
9529	rodgers
9530	roommate
9531	rotten
9535	shah
9536	shawn
9537	shotgun
9540	sofa
9541	solomon
9542	southampton
9543	spoil
9545	stephanie
9546	submarine
9549	sympathetic
9550	taxation
9551	temper
9552	undergo
9553	venus
9555	wu
9559	afl
9560	align
9561	allan
9562	altar
9563	amp
9565	atlas
9566	austrian
9567	automation
9568	awe
9572	boeing
9573	bronco
9575	burton
9576	caesar
9579	carroll
9580	cavalry
9581	clara
9582	coffin
9584	colorful
9585	combo
9586	communism
9587	conductor
9589	constraint
9590	crow
9592	davidson
9593	decisive
9594	decorative
9595	definitive
9597	displace
9598	disturb
9599	diy
9600	doin
9601	epidemic
9602	eternity
9603	eugene
9605	explode
9606	extraction
9607	fatty
9608	filthy
9609	fletcher
9610	flush
9611	font
9612	freestyle
9613	glue
9614	grandpa
9615	hairy
9616	homicide
9618	ie
9619	inheritance
9621	ironic
9623	lin
9624	luggage
9625	lyon
9627	madame
9628	maggie
9629	marion
9630	mel
9631	melting
9633	microwave
9634	midwest
9635	minimize
9636	modi
9637	morocco
9638	natalie
9639	ops
9640	organism
9641	originate
9642	ounce
9643	pablo
9644	peel
9647	picnic
9649	practitioner
9650	predominantly
9651	primitive
9652	providence
9653	psychic
9654	psychologist
9655	puppet
9656	reproductive
9659	restrict
9661	retrieve
9662	rib
9663	righteous
9664	rivalry
9665	rosa
9666	royalty
9667	sandra
9668	sausage
9670	sim
9671	skeleton
9672	spicy
9673	sticky
9674	sting
9675	sufficiently
9676	thankfully
9678	tick
9680	trent
9682	tutorial
9683	twentieth
9684	unpleasant
9685	unrelated
9686	ussr
9687	vacant
9688	vent
9689	vicinity
9690	wan
9691	wander
9692	wardrobe
9693	warmth
9703	axe
9705	baldwin
9706	belle
9712	brexit
9714	buddha
9715	bulletin
9716	capitalist
9717	cautious
9722	constable
9723	cooperate
9726	counselor
9728	curb
9730	darren
9731	deed
9732	destined
9733	detached
9737	dong
9738	edgar
9739	efficiently
9741	elliott
9742	encouragement
9744	evan
9746	faction
9747	fascist
9748	feather
9749	fixture
9751	fuller
9753	goalkeeper
9754	grandchild
9757	harmless
9759	hesitate
9762	hopeful
9764	hungarian
9765	hygiene
9766	iceland
9767	imaginary
9768	imprison
9769	inconsistent
9770	int
9771	iso
9772	jared
9773	johnston
9774	judy
9775	kindergarten
9776	latino
9777	lopez
9778	loudly
9780	mechanic
9781	megan
9784	neglect
9785	northwestern
9787	offender
9788	oppression
9789	patriotic
9790	phillip
9792	pitcher
9793	playground
9794	populate
9797	prejudice
9798	preston
9799	probable
9800	probation
9801	projection
9804	rails
9805	raven
9806	receptor
9807	rehab
9808	remake
9809	rendering
9810	reproduction
9811	res
9813	rey
9814	rhode
9815	shrimp
9816	similarity
9820	spokesman
9821	springfield
9822	stain
9823	stall
9824	starve
9825	strap
9826	subjective
9828	surroundings
9832	traumatic
9833	trillion
9834	tucker
9835	vatican
9836	vendor
9837	watt
9838	yr
9840	abbott
9841	aboriginal
9844	alignment
9845	allergic
9846	allison
9847	amend
9848	apparatus
9850	avenger
9851	backpack
9852	balcony
9853	banker
9854	bliss
9855	bodily
9856	buffer
9857	calgary
9858	chapman
9859	chop
9860	collaborative
9861	commence
9862	compensate
9863	compromised
9864	constructive
9866	cosmic
9868	daisy
9870	definite
9872	depart
9873	depths
9874	developmental
9875	disco
9876	distraction
9877	dom
9878	dorothy
9880	drawer
9883	durham
9884	ecological
9885	ecosystem
9886	elvis
9887	euros
9889	exempt
9891	faint
9892	fertility
9895	finn
9897	flynn
9898	foam
9900	foremost
9901	forge
9902	greenhouse
9904	hierarchy
9908	invalid
9909	jade
9910	jointly
9911	jung
9913	lancaster
9914	lightweight
9918	metabolism
9923	newborn
9924	newport
9926	notch
9927	omega
9929	packer
9930	paired
9931	parental
9932	parody
9933	parole
9935	penguin
9936	phantom
9937	photoshop
9938	pitt
9939	precedent
9940	prevalent
9941	prom
9943	python
9944	qatar
9945	questionable
9946	queue
9947	quo
9950	respondent
9952	romania
9953	sailor
9954	seventy
9957	simmons
9958	sims
9960	sociology
9961	somerset
9962	soo
9964	splitting
9966	supermarket
9967	sweater
9970	thomson
9972	traction
9973	tractor
9974	trout
9975	turnover
9976	uganda
9978	unwanted
9981	variant
9982	vegetarian
9983	vernon
9984	visibility
9986	wherein
9987	whiskey
9988	worm
9989	wyoming
9990	aaa
9991	abundant
9992	africans
9993	alexandria
9994	algebra
9995	analytics
9996	antenna
9998	audition
10002	bravo
10005	carrie
10007	charleston
10011	clifford
10013	cody
10014	coleman
10018	comparative
10019	complement
10020	connor
10021	conquer
10022	conquest
10024	continuity
10025	cornwall
10026	crawl
10027	credible
10028	cursed
10032	defect
10033	delightful
10034	depict
10036	digit
10037	dinosaur
10039	drainage
10040	drowning
10041	embarrassment
10045	fairness
10046	favored
10047	felony
10049	flint
10050	floral
10051	fortress
10053	fundamentally
10057	hammond
10059	hearted
10060	herb
10061	herd
10063	ideological
10064	immortal
10065	incumbent
10066	insider
10067	insufficient
10068	interval
10069	jelly
10070	kai
10071	kanye
10072	kidnapping
10073	kilometre
10074	ky
10076	lick
10077	literal
10078	lunar
10079	maternal
10080	matthews
10081	maxwell
10082	mccain
10083	mcdonald
10085	memoir
10086	messi
10087	miguel
10089	mold
10091	napoleon
10092	neighbouring
10093	nigel
10094	objection
10095	oblige
10097	occurrence
10098	offspring
10099	ou
10100	outrageous
10101	packet
10104	pathway
10105	peach
10108	polo
10109	presenter
10110	proclaim
10111	prohibition
10112	prop
10116	registry
10118	remarkably
10120	rotate
10121	sanchez
10124	scar
10126	scripture
10128	seminar
10130	silva
10131	simplicity
10133	softly
10134	specimen
10135	starbucks
10136	stereo
10138	surrey
10139	sustainability
10140	symphony
10141	tesla
10142	textbook
10143	theological
10145	undercover
10146	valentine
10147	vegetation
10148	vein
10149	velvet
10152	webb
10155	wheeler
10158	accountant
10161	alison
10162	amusing
10163	arabs
10165	behold
10166	betray
10167	biased
10168	billionaire
10169	bloggers
10170	brew
10171	brooke
10172	bypass
10174	cancellation
10175	cane
10177	catalyst
10178	cedar
10180	claude
10184	corpse
10185	crab
10186	cruelty
10187	darwin
10188	dawson
10190	dementia
10192	designation
10193	dev
10194	dice
10195	diploma
10198	dispatch
10202	duchess
10203	dunno
10205	eds
10209	extinction
10212	foil
10214	freddie
10215	gardner
10216	geology
10217	gerald
10220	greene
10221	heath
10222	heavenly
10224	horrific
10225	hugo
10228	iris
10233	lookin
10234	maurice
10236	mentality
10238	minecraft
10240	nascar
10241	neural
10242	newsletter
10243	nineteenth
10244	nitrogen
10247	ooh
10248	patricia
10249	paulo
10250	payroll
10251	phenomenal
10252	philippine
10253	photographic
10254	pinch
10255	ping
10256	polished
10258	predictable
10260	prix
10261	professionally
10265	queer
10266	rebound
10267	reckon
10268	recycling
10271	resurrection
10272	rover
10275	shannon
10277	shipment
10280	spatial
10281	stainless
10282	statutory
10283	stellar
10284	stockholm
10285	stripe
10286	stubborn
10287	summon
10288	sussex
10290	syrup
10292	tamil
10293	tapping
10295	tightly
10296	tina
10299	transplant
10301	tu
10302	turf
10303	twitch
10305	unusually
10306	unveil
10307	username
10311	vip
10313	voiced
10314	volcano
10315	warmer
10316	webster
10319	zach
10320	accelerate
10321	accomplishment
10322	advertise
10324	ark
10325	armour
10327	atom
10328	attach
10329	await
10330	bayern
10331	bind
10333	blu
10334	bluetooth
10336	borrowing
10338	bradford
10339	bum
10340	butcher
10343	chandler
10345	chloe
10348	conception
10349	congo
10350	counterpart
10351	cue
10353	disciplinary
10355	dwarf
10356	eighty
10357	elena
10358	eligibility
10360	enact
10361	endorsement
10362	enlist
10363	eyebrow
10365	finite
10366	flagship
10367	forensic
10368	forthcoming
10369	gallon
10372	glucose
10373	gore
10374	govt
10375	gown
10376	greedy
10377	halo
10378	hilton
10379	ideally
10382	infamous
10383	inspirational
10384	internally
10385	kashmir
10386	knox
10387	lateral
10388	leigh
10390	lib
10391	lifelong
10392	limestone
10393	liner
10400	merge
10401	mesh
10403	mohammed
10405	moron
10406	mortar
10408	naive
10409	nat
10411	norton
10412	noticeable
10415	omar
10417	palestinians
10418	paula
10419	paypal
10420	pedro
10422	perfume
10424	pleasing
10426	prestige
10428	pyramid
10430	relevance
10431	remotely
10434	rica
10435	rigid
10436	rita
10438	rom
10439	ronaldo
10441	samantha
10442	sampling
10443	screenshot
10444	selfie
10445	settler
10446	shatter
10448	spacecraft
10451	splendid
10455	sundays
10458	telescope
10459	temp
10461	terminate
10462	textile
10464	thickness
10467	tray
10468	uae
10469	ucla
10470	unreasonable
10471	unsure
10472	upwards
10474	valuation
10475	veterinary
10476	villager
10478	vivid
10480	accuse
10482	alexis
10483	allocation
10484	americas
10485	amusement
10486	antibiotic
10487	anticipation
10489	appropriately
10491	arrogant
10493	authorization
10494	auxiliary
10496	baggage
10497	beacon
10498	bella
10500	bounty
10501	boxer
10502	briefing
10505	canterbury
10507	ceramic
10508	cereal
10509	challenger
10511	clergy
10513	cola
10514	coma
10515	comfortably
10517	compass
10520	contempt
10522	credential
10523	croatia
10525	descended
10526	disappearance
10527	doyle
10528	drown
10530	dwelling
10531	dwight
10532	ecology
10533	einstein
10534	eli
10535	elliot
10536	emergence
10537	enclose
10538	endurance
10540	erotic
10541	evacuation
10542	exceptionally
10544	expenditure
10545	falcon
10547	fernando
10548	folder
10550	frighten
10551	gavin
10552	groove
10553	hbo
10554	hedge
10555	homosexuality
10561	invade
10562	ironically
10563	istanbul
10564	jacobs
10565	jealousy
10566	jewellery
10567	joker
10568	jonas
10569	kingston
10571	laden
10573	limb
10574	lionel
10575	liu
10576	mccarthy
10577	medicaid
10578	meta
10579	mil
10580	mit
10581	newark
10582	nod
10583	notebook
10584	offline
10585	offs
10586	overweight
10587	palette
10588	payne
10590	pneumonia
10591	policeman
10592	postpone
10593	potent
10594	precede
10595	predator
10596	psycho
10597	rainy
10601	renovation
10602	reverend
10603	rewarding
10604	rust
10605	salty
10606	scots
10607	scrutiny
10608	seizure
10609	serum
10610	singular
10612	sofia
10613	storyline
10614	stray
10615	stud
10616	subsidy
10618	supper
10619	sweetheart
10620	systemic
10621	tempo
10622	thereof
10623	thirsty
10624	torch
10626	tumblr
10627	turbo
10628	unchanged
10629	understandable
10630	upright
10631	uprising
10632	vain
10633	vanity
10634	violin
10636	whereby
10637	whisper
10638	worthwhile
10640	acceleration
10641	aerospace
10642	ak
10643	aluminium
10644	analog
10645	analytical
10647	arcade
10648	arlington
10650	asthma
10651	aurora
10653	bacterial
10654	bankrupt
10655	blink
10658	carey
10659	castro
10661	chang
10662	childish
10663	chili
10664	clayton
10666	coil
10670	constituent
10671	contention
10673	covenant
10675	das
10677	devotion
10678	dilemma
10679	dis
10681	disgrace
10682	dixon
10683	emirates
10684	emmy
10688	ethiopia
10689	ethnicity
10690	eventual
10691	excel
10694	firstly
10695	flavour
10696	flex
10698	franco
10701	genus
10702	gloria
10705	grammy
10706	grape
10707	greed
10708	greet
10709	hank
10710	hose
10712	impacted
10713	imposing
10714	inflammation
10717	ko
10718	lambert
10720	lava
10722	longtime
10723	madonna
10724	magnet
10725	mann
10726	metaphor
10727	millionaire
10730	myers
10732	negro
10735	null
10736	ole
10737	oops
10738	oriental
10740	pact
10741	paramount
10742	paranoid
10744	patron
10745	pearson
10746	popcorn
10749	proxy
10750	quantitative
10751	regain
10754	resemble
10755	retarded
10756	retro
10757	revolt
10758	rightly
10763	saddle
10764	schmidt
10766	sherlock
10767	shirley
10768	shrine
10769	shrink
10770	sniper
10771	solitary
10772	sorrow
10775	stoke
10776	sutton
10777	talkin
10779	termination
10780	thames
10781	thigh
10782	thrive
10784	troll
10785	ty
10786	uncover
10787	undertake
10788	unpaid
10789	unsuccessful
10790	usc
10791	vest
10792	vine
10796	warranty
10797	weaken
10798	windsor
10800	yen
10801	zimbabwe
10803	airway
10804	aisle
10805	almighty
10806	amino
10808	apparel
10809	arbitration
10811	artifact
10812	ashton
10814	auburn
10815	awakening
10817	bilateral
10818	bleed
10820	brace
10821	burgers
10822	caption
10824	choke
10825	cholesterol
10826	classy
10828	clyde
10829	compel
10830	conceal
10832	confrontation
10834	contributor
10835	cpu
10836	damon
10837	deluxe
10840	disguise
10841	dismissal
10843	downstairs
10844	empathy
10845	ensemble
10846	ernest
10847	feasible
10848	flawed
10852	gettin
10853	gi
10855	grease
10856	greeks
10858	haiti
10859	hallway
10860	harley
10863	homosexual
10864	hulk
10865	hydraulic
10866	impulse
10867	incapable
10868	indies
10869	inflammatory
10870	insanity
10871	insecure
10873	integrate
10874	intentional
10875	ish
10876	jeep
10877	knot
10880	lebanese
10881	lecturer
10882	lust
10883	marilyn
10885	mayo
10886	michel
10887	microphone
10888	miniature
10890	motto
10893	nationality
10895	nottingham
10898	occupational
10899	og
10900	onset
10902	pe
10904	persecution
10905	petrol
10906	philosopher
10909	pixel
10910	plantation
10911	presently
10913	prose
10914	prostitution
10916	radioactive
10919	razor
10920	realization
10921	reconciliation
10924	reunite
10926	rory
10928	rug
10930	salvador
10931	scanning
10934	slogan
10936	sponsorship
10939	stefan
10941	strawberry
10942	strive
10943	sunglasses
10945	tate
10946	temptation
10948	tile
10949	tonne
10950	tow
10955	uc
10956	unarmed
10957	undertaking
10958	unfinished
10959	unhealthy
10960	unlawful
10961	unpopular
10962	ut
10963	vanessa
10964	vanish
10965	verb
10966	versa
10967	viii
10968	volatile
10969	voluntarily
10971	whitney
10973	abnormal
10974	accredited
10976	ada
10978	ample
10979	analogy
10981	apex
10982	apocalypse
10983	appliance
10984	assholes
10986	backward
10987	badass
10989	beck
10990	bingo
10991	blogging
10992	boiler
10993	bon
10994	boulder
10995	brock
10996	calf
10997	cambodia
10998	capt
11000	clarence
11001	coating
11002	commentator
11003	consolidation
11004	continuation
11006	convoy
11007	cork
11008	cosmetic
11009	cubic
11010	cyprus
11014	dept
11016	descendant
11017	detector
11018	digest
11019	diplomacy
11020	directive
11021	disadvantage
11022	disruption
11023	distract
11025	downward
11026	ebook
11027	eco
11028	emphasize
11029	energetic
11031	fest
11033	friction
11035	funk
11036	greatness
11039	hacker
11040	hazardous
11041	hooker
11042	hopeless
11043	hourly
11045	imo
11047	indirectly
11048	induction
11049	infrared
11051	instability
11054	irene
11055	irving
11056	ja
11057	jacques
11058	jong
11059	klein
11061	linguistic
11062	listener
11063	litter
11065	lump
11066	macro
11067	mag
11068	magistrate
11069	marginal
11070	masculine
11071	milestone
11072	mug
11073	municipality
11074	mushroom
11076	ned
11077	neuron
11078	ninety
11079	nutrient
11080	observatory
11081	oi
11083	outdoors
11085	pedestrian
11086	penetration
11087	pod
11090	preferably
11093	prophecy
11094	proudly
11096	recorder
11097	recur
11098	relaxation
11100	respectable
11101	respectful
11104	rodriguez
11105	roma
11106	romeo
11107	routinely
11108	rubbing
11110	salute
11112	scum
11113	serbia
11114	severity
11115	shady
11118	slack
11120	slick
11124	spontaneous
11127	sticker
11128	stove
11132	template
11133	teresa
11134	texting
11135	theorem
11136	theresa
11140	tract
11142	tri
11143	tribune
11146	unexpectedly
11147	upward
11148	val
11149	vera
11150	vista
11151	vogue
11152	volcanic
11153	wagner
11154	wildly
11155	winding
11156	acclaim
11157	accumulate
11158	adore
11159	afc
11160	akin
11161	alphabet
11164	apprentice
11165	auckland
11167	baseline
11169	benedict
11170	beware
11171	bieber
11172	bikini
11173	bisexual
11174	boulevard
11175	bracelet
11176	capsule
11177	captive
11178	carr
11179	cha
11180	christie
11181	chronicle
11182	cinnamon
11183	comprehend
11184	compulsory
11185	confederate
11186	contaminate
11187	contamination
11189	coping
11190	corey
11192	creed
11193	crisp
11194	crust
11195	cutter
11199	dietary
11200	dissertation
11202	domination
11204	ec
11206	ethan
11208	everton
11209	expel
11210	fin
11212	flora
11213	folding
11214	fracture
11215	frances
11216	functionality
11217	gamma
11219	gaze
11220	genome
11223	gravel
11224	haircut
11225	haired
11227	hastings
11228	highland
11232	hustle
11233	hyde
11234	ia
11235	idle
11236	indictment
11238	irregular
11239	juicy
11240	jumper
11242	kardashian
11245	mack
11246	mammal
11247	manually
11248	meaningless
11249	millennium
11250	misunderstanding
11251	modelling
11253	moody
11254	nam
11256	noodle
11258	oracle
11259	overlap
11262	peek
11263	pentagon
11265	petersburg
11267	porsche
11268	pos
11269	pottery
11270	prairie
11271	prank
11272	premature
11273	psychiatrist
11274	quad
11275	quartz
11278	residency
11280	responsive
11282	roar
11283	ronnie
11284	rooney
11285	rot
11287	salem
11289	santos
11291	seahawks
11292	sidney
11294	songwriter
11295	sophia
11296	spear
11299	stella
11300	stimulation
11301	stranded
11303	stylish
11305	sur
11307	technician
11309	tidal
11310	transcript
11312	trench
11313	trousers
11314	unwilling
11315	uruguay
11316	utc
11317	validity
11319	varsity
11320	verification
11321	vow
11322	vulnerability
11323	wesley
11324	whichever
11327	wo
11328	wrath
11329	yuan
11330	zen
11335	aide
11336	allegiance
11337	apt
11339	avatar
11340	bali
11341	bangalore
11344	bead
11345	beverage
11346	blaze
11347	brendan
11348	brent
11349	broadband
11351	bumper
11353	carlo
11355	chalk
11357	coaster
11359	constituency
11360	contingent
11361	cornell
11363	costing
11364	councillor
11365	cyclist
11366	daniels
11367	deprive
11368	diplomat
11370	dos
11372	eldest
11374	entirety
11375	everytime
11376	exodus
11378	fallout
11383	fishery
11384	flock
11385	flyer
11386	footballer
11387	footstep
11388	forestry
11389	ghetto
11390	grim
11391	helpless
11392	hemisphere
11396	hyper
11397	inconvenience
11399	injected
11400	insured
11403	intrigue
11404	invasive
11405	ipod
11406	iq
11407	irrigation
11408	ix
11410	lastly
11412	lipstick
11413	macdonald
11414	manipulate
11415	mart
11416	martinez
11417	meyer
11418	midlands
11419	midway
11421	moist
11422	monarch
11423	monte
11426	mourning
11427	mu
11428	mustard
11429	negatively
11431	nissan
11432	norwich
11433	nothin
11435	patterson
11436	persona
11437	plaque
11439	plymouth
11440	poetic
11441	preach
11445	punjab
11446	purity
11447	rabbi
11448	ramsey
11449	realism
11452	rhodes
11453	ri
11455	scoop
11456	scotch
11457	scrub
11459	sew
11460	shale
11461	shin
11463	simplify
11465	smartphones
11466	sol
11467	solicitor
11468	sophomore
11470	squadron
11471	squirrel
11472	stalin
11474	stigma
11476	taco
11477	takeover
11478	taliban
11480	thor
11482	tinder
11485	traitor
11486	troop
11488	underestimate
11489	uni
11492	wallpaper
11496	willis
11497	willow
11500	ale
11501	api
11502	archaeological
11504	az
11508	bengal
11509	betrayal
11511	bonding
11515	byron
11516	cardiovascular
11517	chic
11518	clone
11520	communal
11522	consortium
11525	countdown
11526	courier
11532	disastrous
11535	drummer
11536	durable
11537	efficacy
11538	erik
11539	erin
11540	exaggerate
11541	exclusion
11546	filipino
11548	freelance
11549	gerard
11550	gin
11553	greeting
11554	hawaiian
11556	honeymoon
11557	ignition
11558	impair
11560	investigative
11561	ir
11562	jewel
11563	jupiter
11564	leonardo
11565	manifest
11567	marx
11568	mets
11569	mourinho
11570	mutually
11571	navigate
11573	obese
11574	outreach
11576	pandemic
11579	perimeter
11580	pike
11581	piper
11582	preacher
11584	procurement
11585	protector
11586	pulp
11588	ransom
11590	reel
11592	reg
11593	rehearsal
11595	restart
11596	revive
11597	rigorous
11599	rna
11600	scarf
11601	scenery
11603	sensory
11605	sidewalk
11606	skeptical
11607	skype
11608	sleepy
11609	smoothly
11611	staple
11612	steelers
11613	stereotype
11614	stirring
11615	strand
11616	stun
11617	suppression
11618	sushi
11619	suspend
11621	swelling
11623	terminology
11624	theatrical
11625	timer
11626	traveller
11628	turnout
11630	unanimous
11631	unpredictable
11632	urging
11633	validation
11634	vengeance
11635	verizon
11636	visually
11640	wii
11642	zhang
11643	acc
11644	activism
11645	advent
11646	airborne
11647	alas
11648	astonishing
11649	aww
11650	bakery
11651	barracks
11652	bart
11655	believer
11660	bunker
11661	caffeine
11663	carlton
11664	chaotic
11665	charger
11669	commercially
11673	copenhagen
11675	coward
11676	dammit
11677	dell
11678	dent
11682	diminish
11684	disappoint
11687	dove
11688	dumping
11689	dunn
11690	dusty
11692	enduring
11693	enlightenment
11694	fibre
11695	finnish
11697	focal
11699	frightening
11701	gala
11703	garrett
11704	garrison
11707	gladly
11708	goodwill
11710	gradual
11714	hal
11715	harness
11716	hashtag
11717	hassan
11718	heartbeat
11719	heh
11721	holt
11722	honourable
11724	imminent
11725	inaugural
11726	insulation
11727	intern
11728	irresponsible
11729	jakarta
11730	johannesburg
11731	judith
11732	kathy
11733	lag
11735	lender
11737	locality
11738	lure
11739	malicious
11740	mattress
11741	meredith
11744	mist
11745	mole
11747	monarchy
11748	mormon
11749	muscular
11750	neutrality
11751	nikki
11752	noisy
11753	notre
11754	orgasm
11755	otto
11756	panty
11757	parcel
11758	partition
11759	peculiar
11764	proprietary
11765	prostate
11766	protagonist
11769	rafael
11770	randall
11771	rant
11772	rash
11777	reflections
11779	replica
11780	representations
11781	reside
11782	richie
11783	ripe
11785	riverside
11786	roberto
11787	rodney
11789	sac
11791	sane
11792	savior
11793	scenic
11794	sip
11796	snail
11797	somalia
11798	spotify
11800	statistically
11801	stimulate
11802	strangely
11804	susceptible
11805	theodore
11808	toby
11810	torres
11812	translator
11817	tutor
11818	unsafe
11819	verge
11820	vibrant
11822	wong
11824	yeast
11827	abdul
11828	absorption
11830	acne
11833	apologise
11834	aspiration
11835	assassin
11837	aston
11838	audi
11839	backlash
11843	blockchain
11844	bonnie
11845	brewery
11846	bulb
11847	cardboard
11848	casually
11850	chew
11851	circumstance
11853	collateral
11854	congestion
11856	courtney
11857	creditor
11858	criticise
11860	crossover
11861	crunch
11863	daytime
11864	debbie
11866	demise
11867	dependence
11868	deutsche
11869	dictator
11873	dime
11874	dire
11875	disagreement
11876	disciple
11877	disregard
11878	distributor
11879	dominion
11880	downhill
11882	dreadful
11883	drunken
11884	earnest
11885	eng
11886	erase
11887	evacuate
11888	exp
11889	extinct
11890	forbid
11892	freezer
11893	genetically
11895	hare
11897	herein
11898	hoffman
11899	honorary
11900	immature
11901	imperative
11902	ineffective
11904	jerome
11905	jess
11906	julius
11907	knit
11908	kumar
11909	kuwait
11911	lester
11912	manly
11913	marvin
11914	maternity
11916	misconduct
11917	morale
11919	mute
11920	needless
11921	nerd
11922	nokia
11925	novelty
11926	optimism
11927	optimization
11928	outdated
11929	oxide
11931	peasant
11934	percy
11935	perez
11936	peripheral
11938	pint
11939	plead
11940	poop
11944	prevalence
11945	proceeding
11946	pronounce
11947	proportions
11948	provisional
11951	reddit
11953	repay
11954	roland
11956	rouge
11957	rumour
11959	santiago
11960	saturated
11965	shove
11970	soak
11971	softball
11972	southeastern
11975	spectator
11977	stevie
11978	storytelling
11979	stumble
11980	stupidity
11981	suppress
11984	tangible
11985	tara
11987	theo
11988	tilt
11991	trivial
11992	turks
11993	unofficial
11994	veil
11995	versatile
11996	warsaw
11997	wed
11999	yi
12000	zoe
12003	alec
12004	anthropology
12006	artery
12007	bamboo
12008	basil
12009	blackberry
12010	bolton
12011	bombay
12012	booze
12013	brennan
12014	bronx
12016	caliber
12018	cellphone
12019	chord
12020	clare
12021	concession
12024	corporal
12025	courtyard
12027	crest
12029	cynthia
12030	dang
12031	deception
12032	decor
12034	derivative
12035	discomfort
12036	dominican
12037	drastically
12038	driveway
12039	duel
12040	edwin
12041	elf
12042	ev
12043	evenly
12044	exemption
12045	fashionable
12046	fetch
12047	fisherman
12049	fo
12050	formidable
12051	frankie
12052	furnish
12053	fuzzy
12054	gibbs
12056	gothic
12057	graffito
12058	grenade
12060	hague
12061	hamlet
12062	hampton
12064	helm
12066	herman
12067	higgins
12073	hugely
12074	hypocrisy
12076	inaccurate
12077	inception
12078	incompetent
12079	indefinitely
12080	intervene
12083	jessie
12085	jules
12086	katy
12087	kin
12088	kirby
12089	kobe
12090	kris
12091	laurie
12092	legislator
12093	lobster
12095	loneliness
12097	mae
12098	malaria
12099	manifesto
12101	masked
12102	maze
12103	methodist
12104	monaco
12105	monastery
12106	morals
12107	mutation
12108	naomi
12109	narrowly
12110	negligence
12111	nexus
12113	nightclub
12114	numerical
12115	obsolete
12117	optic
12118	panda
12121	pea
12122	perkins
12123	posture
12124	prague
12125	preseason
12126	qaeda
12130	refresh
12131	resonance
12132	ruthless
12133	salvage
12134	samurai
12135	sasha
12136	satire
12137	saul
12138	seafood
12139	shakes
12140	signaling
12142	slash
12143	spaghetti
12144	speedy
12147	standpoint
12149	stein
12150	sway
12154	torque
12158	trinidad
12160	unconstitutional
12161	undermine
12163	vacancy
12164	var
12165	veto
12167	vocational
12168	wenger
12169	wicket
12170	withstand
12171	woodland
12172	zinc
12174	accustom
12175	adequately
12176	ahmad
12177	alicia
12178	amazingly
12181	approximate
12184	baghdad
12186	bam
12188	barrett
12189	bate
12190	baton
12193	breakup
12195	bulldog
12197	camel
12198	canberra
12199	cater
12201	checkout
12204	chunk
12205	classmate
12206	coca
12207	cocoa
12208	comet
12209	compartment
12211	conditioned
12212	contestant
12214	corpus
12216	cove
12217	cozy
12218	culturally
12220	deficiency
12221	deport
12225	dictatorship
12226	disrespectful
12227	dread
12229	dummy
12230	ecuador
12231	edmonton
12232	electorate
12235	erosion
12237	expo
12240	fitzgerald
12241	flank
12242	flare
12244	flirt
12245	forex
12247	gamers
12249	geoffrey
12250	goodnight
12251	gus
12252	handmade
12253	hartford
12254	hawkins
12257	icc
12258	incidence
12259	intimacy
12260	italians
12261	jul
12262	kat
12263	kerr
12264	kitten
12265	knicks
12266	koch
12267	lagos
12268	lan
12270	leone
12271	lever
12272	lisbon
12273	lu
12275	marty
12276	mileage
12277	morton
12278	multiplayer
12280	mutant
12282	mythology
12283	neal
12284	neon
12285	nile
12286	nolan
12287	northeastern
12289	nun
12290	nutritional
12291	ow
12294	pedal
12295	pest
12296	pillar
12298	plausible
12300	poly
12301	polymer
12302	precipitation
12305	pup
12306	quarantine
12307	query
12308	raf
12312	restraint
12316	rift
12317	romney
12318	russ
12319	salesman
12320	scarlet
12323	serena
12324	sewer
12327	smack
12328	sonny
12329	southwestern
12331	spokesperson
12332	stalk
12333	standardize
12334	stitch
12335	substrate
12336	sultan
12337	supremacy
12339	swell
12342	theoretically
12343	thirst
12344	transitional
12345	tuna
12346	unused
12348	viewpoint
12349	vinegar
12352	wig
12354	accessory
12357	affiliation
12358	aggressively
12360	allergy
12361	amnesty
12362	angus
12363	anita
12365	assad
12366	assertion
12367	astronomy
12368	atop
12369	attic
12371	australians
12372	autobiography
12373	av
12376	becky
12377	bing
12379	broadcaster
12380	buddhism
12382	cache
12383	carmen
12384	carrot
12386	chewing
12388	coherent
12389	comfy
12390	comrade
12391	concede
12392	condo
12394	conrad
12397	crooked
12398	cultivation
12401	dicks
12402	ding
12403	discontinue
12404	displacement
12405	disrespect
12406	distort
12407	diver
12409	dow
12411	drastic
12412	edible
12413	edmund
12414	ella
12415	emerson
12417	enhancement
12419	fax
12420	fiat
12421	fiona
12422	firefighter
12423	flick
12424	fowler
12425	funky
12426	gag
12427	gee
12428	gigantic
12429	gill
12430	groom
12431	guarded
12432	guitarist
12433	halftime
12434	hamas
12435	harriet
12436	hash
12437	helena
12438	hogan
12439	holden
12440	hydro
12441	ig
12443	inactive
12445	inspect
12450	je
12453	lana
12454	laurel
12456	leftist
12457	legitimacy
12458	linkedin
12459	lizard
12461	maximize
12462	morally
12465	naples
12466	nigga
12467	noel
12469	organizer
12470	owens
12471	paradox
12472	peacefully
12473	periodic
12474	philly
12476	podium
12479	pradesh
12481	puck
12483	reconsider
12484	redskins
12486	refrain
12488	reproduce
12491	rite
12492	rum
12494	safari
12495	saunders
12496	scaling
12497	scorer
12498	seldom
12500	simone
12501	sis
12504	soy
12506	squash
12508	statewide
12509	stationary
12511	subdivision
12513	sunderland
12515	tar
12516	tariff
12517	temporal
12518	tracker
12519	turbine
12520	tyson
12521	unavailable
12522	universally
12523	unlucky
12525	uv
12527	vomiting
12528	warden
12529	warp
12530	whisky
12533	womb
12534	yogurt
12535	abe
12536	abolish
12538	algeria
12539	alpine
12540	ambient
12541	aquatic
12542	argentine
12543	armored
12544	assert
12545	atheist
12547	bandwidth
12548	barbecue
12549	beforehand
12550	bipolar
12551	bladder
12552	blossom
12559	caravan
12561	chant
12562	chevrolet
12563	clive
12564	compress
12566	computational
12567	conceptual
12570	damp
12571	danielle
12573	debit
12574	demolition
12575	denis
12577	differentiate
12578	dim
12579	discourage
12581	donkey
12582	doo
12583	downstream
12584	earring
12586	ebola
12587	eg
12589	ellie
12590	empirical
12591	enlarge
12593	esther
12596	faulty
12597	fertile
12598	feud
12599	filmmaker
12602	frankfurt
12604	furnace
12605	fuse
12606	fuss
12607	gale
12609	generosity
12610	gerry
12611	gluten
12612	goodman
12613	gorilla
12614	guatemala
12615	hamburg
12617	hath
12618	heavyweight
12619	humane
12620	humanities
12621	inflict
12623	jedi
12624	jennings
12627	lawful
12628	lawmaker
12630	lena
12631	loosely
12633	lotus
12634	luna
12636	malik
12637	mantle
12638	mascot
12639	metabolic
12640	meth
12642	midfield
12643	militant
12645	mohammad
12646	nicolas
12647	nostalgia
12648	ottoman
12649	paddy
12650	paperback
12651	paved
12652	pavilion
12654	perk
12657	pointer
12660	presume
12663	rapist
12666	rec
12667	rectangular
12668	regulator
12670	restructuring
12672	ro
12673	rudy
12674	sabotage
12676	sarcasm
12677	savannah
12679	seeker
12681	sexist
12682	shaving
12683	shutdown
12684	sic
12688	suffolk
12689	surpass
12690	swansea
12692	syracuse
12693	tally
12694	tehran
12696	tha
12702	tuck
12705	ui
12706	unanimously
12707	undefeated
12708	unfamiliar
12710	vale
12711	valencia
12712	vastly
12713	vile
12714	violently
12715	wedge
12716	wisely
12720	yuri
12721	adaptive
12722	addictive
12723	affinity
12724	alloy
12725	apartheid
12727	arthritis
12728	authorise
12729	ay
12731	bale
12732	barton
12733	beaver
12734	boast
12735	brunswick
12736	buenos
12737	caller
12738	carnegie
12740	cavity
12741	chap
12743	colt
12745	conway
12746	courthouse
12747	crank
12749	dante
12750	darn
12751	deborah
12755	disgust
12757	dissolution
12758	disturbance
12760	dominic
12761	doubling
12762	ee
12764	enclosure
12765	evangelical
12769	exquisite
12770	factual
12772	falsely
12773	famine
12776	fiji
12778	fraudulent
12779	freeway
12780	freshly
12781	gazette
12782	geek
12783	geo
12784	granny
12785	handicap
12786	hansen
12788	homage
12789	homo
12790	hostility
12791	hymn
12792	hypothetical
12793	informative
12794	infringement
12795	internship
12798	irritate
12799	jacksonville
12800	jasmine
12801	katrina
12803	knockout
12804	lantern
12805	linen
12806	lookout
12807	misunderstand
12808	moonlight
12809	moose
12810	mosquito
12811	motel
12813	mueller
12816	noun
12817	novelist
12820	omaha
12821	onwards
12822	overthrow
12823	paradigm
12824	pavement
12825	payday
12826	perpetual
12827	pga
12828	physiology
12829	pigeon
12830	plateau
12831	playlist
12835	precinct
12836	premiership
12838	proliferation
12839	prosecute
12840	pseudo
12841	pudding
12843	refrigerator
12844	regeneration
12845	regina
12846	remembrance
12847	reminiscent
12848	reps
12849	resentment
12850	resin
12852	rosie
12853	rotary
12854	rupert
12855	rusty
12856	scarce
12858	simulator
12860	slippery
12862	snyder
12866	spectacle
12867	stint
12868	storey
12869	suicidal
12870	suv
12871	symposium
12872	tabs
12873	tailor
12876	tottenham
12878	trajectory
12881	underrate
12882	unidentified
12883	unrest
12884	unseen
12885	utmost
12886	waiter
12887	weary
12888	wiki
12890	willy
12891	wimbledon
12893	wwii
12898	adapter
12899	adjustable
12900	adulthood
12904	agony
12906	armenian
12907	astronaut
12908	attain
12909	attendant
12910	authenticity
12911	avery
12912	backstage
12914	bedford
12915	benchmark
12916	benghazi
12917	benny
12918	benson
12920	binge
12921	biscuit
12922	bloc
12924	bourbon
12925	breaker
12926	breathtaking
12927	browse
12928	brutality
12930	calculus
12933	careless
12934	caste
12935	cellar
12936	cerebral
12939	cheerful
12940	cinematic
12941	climax
12942	clippers
12943	cockpit
12945	colon
12946	communion
12947	condom
12948	consul
12949	contender
12950	crimson
12951	crypto
12952	cultivated
12953	curly
12955	degradation
12957	dexter
12960	distributors
12961	duh
12962	dundee
12963	elaine
12965	emerald
12967	equilibrium
12968	europa
12969	evelyn
12970	evidently
12974	fargo
12975	fascinate
12977	fetus
12979	flawless
12981	forrest
12983	grad
12984	granddaughter
12985	gymnastics
12986	hale
12988	hercules
12989	hereby
12990	honduras
12992	humorous
12994	incur
12996	indoors
12997	intercourse
12998	interestingly
12999	isaiah
13000	isolate
13003	kathleen
13004	kendall
13006	lancashire
13007	lawson
13009	lindsey
13012	mailing
13014	mao
13015	mare
13016	marxist
13017	meadow
13021	mound
13022	muddy
13023	mystic
13024	ness
13025	nominal
13026	norris
13028	ohh
13029	ordinance
13030	osborne
13031	oscars
13033	pairing
13034	pam
13035	parson
13036	pertain
13037	poke
13039	portsmouth
13041	pres
13042	presbyterian
13044	prolific
13045	proportional
13046	prosperous
13047	quarry
13048	referral
13049	repost
13051	restless
13052	rugged
13053	sammy
13054	sap
13055	sarcastic
13056	scholarly
13057	segregation
13058	seymour
13060	sheikh
13063	sinclair
13064	sinister
13066	strait
13068	sylvia
13071	testosterone
13073	tis
13075	ventilation
13076	viking
13077	weaver
13078	weber
13079	wes
13080	williamson
13081	yankee
13082	yarn
13084	abide
13085	accumulation
13086	admiration
13087	aesthetics
13088	aj
13090	anton
13091	archie
13093	attacker
13094	augusta
13095	authoritarian
13096	avail
13097	bahrain
13098	banquet
13099	barker
13101	bentley
13102	benz
13105	booty
13107	bravery
13108	brit
13110	brutally
13111	buff
13112	calorie
13114	chamberlain
13115	cis
13116	claw
13120	compatibility
13121	conditional
13122	congratulate
13126	cortex
13127	courageous
13129	crusade
13130	cynical
13131	damascus
13132	devise
13133	discard
13134	disrupt
13136	donovan
13138	duplicate
13139	dynamite
13141	economical
13142	elastic
13143	empower
13146	exposition
13147	fart
13149	fetish
13151	fla
13152	fluffy
13154	fundraiser
13157	gadget
13158	gaga
13159	garment
13160	geometric
13162	goldman
13164	gracious
13165	grin
13166	gta
13167	halifax
13168	hanna
13170	heap
13172	hum
13173	humility
13174	impeachment
13175	inherently
13177	inventor
13178	isa
13180	jasper
13182	juliet
13183	karachi
13184	kickstarter
13185	kurdish
13186	leopard
13187	librarian
13188	lobbying
13189	lumber
13190	lydia
13191	mackenzie
13192	madam
13193	marital
13194	mayer
13195	meds
13196	mis
13197	mma
13198	multitude
13199	muse
13200	nanny
13201	nineteen
13202	nipple
13203	nucleus
13204	oc
13205	orbital
13207	outgoing
13208	overhaul
13209	pancake
13210	pas
13211	patriotism
13212	periodically
13215	plumb
13216	poppy
13217	pratt
13218	precaution
13222	raleigh
13223	readiness
13224	redundant
13228	resemblance
13229	rested
13232	roth
13235	sermon
13238	slender
13239	sloppy
13241	snapchat
13243	societal
13244	soviets
13245	spec
13246	sponge
13247	steele
13248	sucker
13250	superiority
13251	supervise
13252	surreal
13253	tease
13255	tiffany
13256	titanic
13259	transmitter
13261	typhoon
13262	unreal
13263	uphold
13264	vaccination
13265	valerie
13268	vibration
13270	wartime
13273	winnipeg
13274	worcester
13275	zurich
13276	abdominal
13277	adolescent
13278	advertiser
13280	announcer
13282	baba
13283	backdrop
13284	bae
13285	beau
13287	blackout
13288	bluff
13289	bollywood
13292	cartel
13294	catastrophic
13295	caucus
13296	charcoal
13297	cheesy
13298	cheryl
13300	cindy
13301	citrus
13302	clad
13306	columnist
13307	competence
13308	condolence
13312	contagious
13314	conveniently
13315	courtroom
13316	cushion
13319	diaz
13320	dictate
13326	doris
13327	dorm
13329	drip
13330	duct
13331	eccentric
13333	electro
13334	electromagnetic
13335	emblem
13337	ew
13340	facto
13342	fascism
13344	fearful
13345	festive
13349	foreman
13352	gallagher
13354	geoff
13356	giles
13357	gina
13358	glacier
13359	gomez
13361	hindus
13362	hu
13366	improper
13367	influx
13369	installment
13371	jen
13372	judaism
13373	keller
13374	kernel
13375	kung
13376	larva
13377	lexington
13378	liaison
13379	lima
13384	mosaic
13385	mustang
13388	needy
13389	nichols
13391	optics
13392	orphan
13395	patty
13396	peyton
13398	pineapple
13400	plaintiff
13403	potassium
13404	priceless
13406	prostitute
13407	reflective
13410	resilience
13412	romanian
13415	royce
13416	sans
13417	saxon
13418	scissors
13419	seaside
13420	semitic
13421	shampoo
13422	shaun
13423	shri
13424	silently
13427	socio
13428	stabbing
13429	staircase
13431	steroid
13434	swipe
13435	tang
13436	tango
13437	telecom
13439	tolerant
13441	toxicity
13442	trumpet
13443	tuberculosis
13444	ukip
13446	willingly
13447	woah
13448	wrapping
13449	youthful
13452	adhere
13453	adidas
13455	affirmative
13456	agnes
13459	alma
13460	ambiguous
13461	archaeology
13464	aus
13465	autopsy
13466	baltic
13468	blitz
13469	blockade
13470	bosnia
13471	brightness
13472	bruin
13474	burma
13475	calculating
13477	cartridge
13478	cashier
13479	cigar
13480	circa
13482	claudia
13483	cloak
13484	cologne
13485	colombian
13487	combustion
13488	comprehension
13491	crescent
13494	defective
13495	denise
13496	deportation
13497	deserving
13499	disgusted
13500	disposable
13502	dover
13503	dumbass
13504	dungeon
13505	dwell
13507	edison
13508	edith
13510	entrepreneurship
13511	eps
13512	erie
13515	fiery
13516	finalist
13518	flux
13521	georgetown
13522	gimme
13523	goofy
13524	hai
13525	hancock
13526	handwriting
13527	hassle
13528	heartbreaking
13529	hector
13530	hick
13532	hog
13533	homeowner
13534	ibrahim
13535	immensely
13536	inauguration
13537	incorrectly
13538	ind
13539	indicative
13540	inexpensive
13542	intercept
13543	intuitive
13545	irwin
13546	isabel
13547	jamaican
13548	jockey
13549	jolly
13550	jorge
13551	ju
13552	kazakhstan
13553	kenyan
13555	latitude
13556	lea
13557	libertarian
13558	luxembourg
13559	majestic
13560	mariner
13562	mastery
13564	mccoy
13565	metropolis
13566	mohamed
13567	mummy
13568	neville
13572	oo
13573	orchard
13576	overdose
13577	pamela
13582	pathology
13583	peggy
13584	piercing
13586	poisonous
13589	procession
13590	purge
13592	relocation
13593	rhino
13594	riches
13596	rosemary
13598	sandstone
13599	sanitation
13600	satisfactory
13601	scooter
13604	secrecy
13607	sergio
13608	shameful
13610	sid
13615	springer
13621	sweetie
13622	swollen
13623	tanzania
13625	tor
13626	transformer
13628	tunisia
13629	umm
13630	unauthorized
13631	undo
13632	unnamed
13633	upsetting
13635	venom
13636	victorious
13639	wary
13641	wellness
13643	windy
13644	winger
13645	wordpress
13646	wraps
13647	youngster
13649	abby
13650	abdomen
13651	abduct
13652	abruptly
13653	aha
13654	aleppo
13656	alps
13657	amidst
13658	antarctic
13659	antibody
13660	aquarium
13661	armenia
13662	aspire
13663	asteroid
13665	barbie
13666	batter
13667	baxter
13668	bedtime
13669	belongings
13670	bloomberg
13671	blush
13672	booster
13674	bun
13676	calculator
13677	calmly
13678	captivity
13679	catastrophe
13680	chemotherapy
13682	circulate
13684	cleanse
13687	commute
13688	complementary
13689	concussion
13690	connectivity
13691	consulate
13692	contend
13694	craving
13695	culinary
13696	demographics
13698	din
13699	dir
13700	discrete
13702	dissent
13708	eminent
13709	encryption
13710	endeavor
13711	enthusiast
13712	erica
13719	fleming
13720	flop
13723	fraternity
13727	furry
13728	glitter
13729	graveyard
13731	hardship
13732	harlem
13733	hen
13734	hoover
13737	insecurity
13738	interrogation
13739	intimidate
13741	irrational
13744	lamar
13747	lennon
13748	lettuce
13750	lithium
13751	lowe
13752	lucrative
13753	macmillan
13754	malone
13755	managerial
13757	mango
13758	miley
13760	milo
13761	mister
13762	moderately
13763	mri
13764	multimedia
13765	multinational
13768	oasis
13769	oddly
13770	ons
13771	oppress
13772	osaka
13773	ouch
13774	outsider
13775	outskirts
13776	overlapping
13780	pagan
13783	planetary
13784	playboy
13785	porcelain
13786	processors
13787	programmer
13788	promoter
13789	psalm
13790	psychiatry
13792	pubs
13793	pursuant
13794	recycle
13795	renovate
13796	repetitive
13799	reversal
13800	rhyme
13801	rue
13803	saturdays
13804	savvy
13805	scanner
13806	schizophrenia
13808	seriousness
13809	sheila
13810	shelby
13811	sparkle
13812	spree
13813	stafford
13814	stakeholders
13815	stevenson
13818	sup
13819	superficial
13820	sweaty
13822	tame
13823	tanner
13824	taps
13826	thinner
13827	thug
13828	tipping
13829	toni
13830	topping
13831	tracing
13832	truman
13833	upstream
13834	vapor
13835	veronica
13837	waitress
13838	walnut
13839	waterfront
13840	wembley
13841	whatsapp
13842	winchester
13843	witty
13844	weave
13845	wyatt
13846	zack
13849	acquaintance
13850	aires
13852	ambush
13853	amelia
13856	arrogance
13857	attendees
13858	audrey
13859	aussie
13861	baptism
13862	beirut
13865	bloke
13866	blond
13867	blur
13869	boogie
13870	booker
13872	bowel
13874	brow
13875	budapest
13877	bureaucracy
13878	cabbage
13879	canton
13881	celtics
13882	chimney
13883	chrysler
13885	cloudy
13886	colourful
13887	compassionate
13891	convertible
13892	cory
13893	crater
13895	cu
13896	cumulative
13897	curator
13898	dat
13899	deity
13900	desperation
13901	detrimental
13902	diarrhea
13903	dispose
13904	distortion
13905	doctoral
13912	entitlement
13913	esp
13914	faux
13916	fearless
13917	finch
13919	fulfil
13921	gangster
13922	garner
13923	gil
13924	giveaway
13926	gypsy
13927	harass
13928	heater
13929	hesitation
13930	humiliation
13931	ic
13932	impairment
13933	impatient
13935	indy
13937	intricate
13938	irvine
13939	jensen
13940	kang
13941	kara
13942	karate
13945	kite
13946	labeling
13948	lighthouse
13949	longevity
13950	lore
13951	lush
13952	luxurious
13953	mal
13954	mash
13955	mba
13956	meg
13957	meltdown
13958	messiah
13959	meteor
13960	ministerial
13963	monty
13965	mystical
13967	nu
13968	obstruction
13969	odyssey
13970	om
13971	onboard
13972	oneself
13973	org
13977	penetrate
13978	phelps
13979	phi
13980	philippe
13983	planner
13984	plum
13985	plural
13986	poe
13987	portrayal
13988	prevail
13989	prevailing
13992	puff
13993	pun
13996	rag
13997	raj
13998	rampant
14000	reggie
14004	replicate
14006	retaliation
14009	rooftop
14013	safeguard
14015	sedan
14017	sewage
14020	shopper
14021	simpsons
14022	sitcom
14023	slang
14027	spirited
14028	spirituality
14029	spoiler
14030	suitcase
14034	tavern
14036	telegram
14037	titanium
14040	turbulence
14041	ulster
14042	unesco
14043	uneven
14044	urgency
14047	viktor
14048	ware
14049	waterproof
14051	whine
14052	wonderfully
14054	zelda
14056	abdullah
14057	academia
14058	accreditation
14060	admittedly
14061	aforementioned
14062	alga
14063	alteration
14064	angelo
14065	apache
14066	ariel
14067	articulate
14068	asbestos
14069	atleast
14070	avoidance
14071	babylon
14072	barney
14075	boutique
14076	bowie
14077	brewer
14078	brits
14079	buffet
14080	burner
14081	cain
14082	casa
14083	catcher
14084	cathy
14086	chassis
14087	chore
14088	clap
14089	clarification
14092	consolation
14096	covert
14097	cringe
14098	crosby
14099	cunningham
14101	dagger
14102	dealings
14103	defer
14105	descriptive
14106	dialect
14108	dolly
14109	downfall
14110	downside
14111	dryer
14112	dunk
14113	elijah
14114	empowerment
14117	ensuing
14119	ethic
14122	fireplace
14123	flair
14125	fugitive
14126	gpa
14127	greenwich
14128	gujarat
14129	hah
14130	hanson
14132	hayden
14133	hazel
14134	headset
14135	hernandez
14137	homecoming
14138	hurdle
14139	hussein
14141	icy
14142	indulge
14144	inscription
14145	interpreter
14146	intuition
14147	invaluable
14148	jaime
14149	jenna
14151	kaiser
14152	kettle
14153	kylie
14155	lara
14157	lax
14158	lest
14159	levi
14160	lilly
14161	malta
14163	mcconnell
14164	mcgregor
14165	menace
14166	methane
14167	mexicans
14168	ming
14169	misuse
14170	mitigate
14171	mona
14173	nairobi
14174	nana
14175	nausea
14176	neurological
14177	nicola
14178	optimum
14180	overwhelmingly
14181	oyster
14182	pastoral
14186	physiological
14190	poo
14191	poultry
14192	prominence
14196	quartet
14197	radically
14199	reactive
14200	reboot
14201	rename
14203	restrictive
14204	robotic
14205	runaway
14206	saturn
14207	sawyer
14208	screenplay
14210	sect
14211	seismic
14212	seminary
14214	sheldon
14215	shelley
14217	sideways
14218	sighted
14220	skipper
14221	slay
14222	smuggle
14224	sonia
14225	specs
14227	stash
14228	stephens
14231	striped
14232	stroll
14233	swiftly
14234	texans
14237	transcription
14238	tucson
14240	ul
14241	unicorn
14242	uniquely
14243	unrealistic
14245	vase
14246	vat
14247	vineyard
14248	viola
14249	waterfall
14252	welding
14253	whereabouts
14254	yah
14255	yummy
14256	zeus
14259	adobe
14261	ala
14263	alexandra
14264	almond
14265	amenity
14267	amuse
14268	antarctica
14269	arabian
14270	ari
14271	asphalt
14272	atrocity
14273	aviv
14274	bach
14275	backbone
14276	bahamas
14277	beetle
14278	blizzard
14279	bolivia
14280	booklet
14282	brawl
14283	brittany
14284	bryce
14285	bu
14286	burgess
14288	camden
14289	cameroon
14290	celestial
14291	characterization
14292	chevy
14294	ci
14296	clint
14297	comin
14300	conform
14301	conversely
14302	countess
14306	customary
14307	dalton
14311	devote
14315	distinctly
14317	everett
14322	favourable
14323	ferdinand
14324	flourish
14325	flowering
14327	fragrance
14328	franz
14329	fungus
14331	gloucester
14332	griffith
14334	gunfire
14335	harvesting
14336	havana
14337	heroine
14338	hilary
14339	hoax
14340	imf
14341	impending
14342	insignificant
14343	insurer
14346	itv
14347	jonah
14348	kerala
14349	knowledgeable
14350	ku
14351	liberated
14352	lingerie
14353	lite
14355	locke
14357	lurk
14358	madden
14359	magician
14361	mai
14362	mali
14363	maneuver
14364	marrow
14365	marvelous
14366	mas
14368	medicinal
14369	melanie
14370	mono
14372	nas
14373	numb
14374	omit
14378	pastry
14379	pawn
14380	pediatric
14381	persist
14382	personalize
14384	plaster
14385	playful
14386	pleading
14388	quirky
14389	quota
14390	quran
14392	randolph
14393	rationale
14394	reap
14396	recess
14397	redeem
14398	reformation
14401	residue
14402	robotics
14404	runoff
14405	rwanda
14406	salsa
14408	screenshots
14409	semiconductor
14410	sentimental
14411	serbian
14412	sever
14414	simultaneous
14416	snatch
14417	sneaker
14418	somali
14420	spooky
14423	stanton
14424	stealth
14425	strained
14427	subset
14428	suspense
14429	suzanne
14432	syntax
14433	tad
14434	tandem
14436	tasmania
14437	televise
14438	tempered
14439	tertiary
14440	thyroid
14441	tidy
14442	timeless
14444	uefa
14445	unreliable
14446	upbeat
14447	usable
14448	vanguard
14450	vomit
14451	vulgar
14452	waiver
14453	walton
14454	watershed
14456	wilkinson
14457	wiring
14458	yan
14459	adrenaline
14460	alexa
14461	alleviate
14462	amd
14463	anarchy
14464	ang
14467	ashore
14468	aura
14470	baden
14471	ballroom
14472	beginner
14474	bermuda
14475	bilingual
14477	bonded
14479	boyle
14480	brenda
14482	briggs
14483	buchanan
14484	buckingham
14486	calcutta
14487	caleb
14488	canopy
14489	chennai
14490	cherish
14491	chuckle
14492	civilize
14493	comb
14497	condemnation
14498	contemplate
14500	cruiser
14502	curl
14505	dart
14507	demolish
14508	denim
14509	dependency
14511	dew
14512	dickens
14513	disable
14514	disconnected
14515	dishonest
14516	dosage
14517	doubtful
14518	dysfunction
14520	encyclopedia
14521	endowment
14522	engrave
14523	enrichment
14525	erection
14526	eruption
14527	examiner
14529	exeter
14532	fairfax
14533	fam
14534	fauna
14535	feds
14536	fidelity
14537	finely
14538	fischer
14540	fluent
14541	flute
14542	footprint
14543	fore
14544	forefront
14545	formulate
14547	freshwater
14548	fyi
14549	gareth
14550	gotham
14554	harden
14556	hateful
14558	henri
14559	hepatitis
14561	horace
14563	howe
14564	huntington
14565	ieee
14566	inhabit
14568	initiation
14572	intensely
14574	janeiro
14575	jeopardy
14576	joanna
14577	kensington
14579	lafayette
14582	lockdown
14583	mandarin
14584	mast
14585	matte
14586	mccartney
14587	mediocre
14588	middleton
14591	morse
14594	niagara
14596	nicotine
14598	nora
14599	nordic
14600	nos
14603	outward
14604	overrate
14607	paige
14612	pep
14613	piracy
14614	platoon
14615	practise
14617	rave
14619	recreate
14620	reeve
14622	reno
14624	residual
14626	robe
14628	rye
14630	sayin
14631	sensational
14632	sexism
14633	smoker
14634	sneaky
14635	socket
14639	starvation
14641	stool
14642	stricken
14643	stripping
14645	systematically
14648	tex
14650	tibet
14651	toledo
14652	tread
14654	truce
14655	tsunami
14657	turmoil
14658	typed
14659	tyranny
14660	tyre
14662	unfit
14664	vita
14666	wal
14667	warwick
14668	waterloo
14670	weir
14671	wellbeing
14672	wikileaks
14673	wonderland
14674	wrestler
14675	yrs
14676	zimmerman
14684	abolition
14685	accessibility
14686	acquaint
14689	aloud
14690	angular
14691	anterior
14692	appendix
14693	approx
14694	atp
14696	auditorium
14697	augustine
14699	bauer
14700	beckham
14702	benign
14703	berkshire
14704	bleach
14706	bowen
14707	brandy
14708	brethren
14709	brink
14711	bruh
14712	carving
14713	cas
14714	cass
14716	cecil
14717	cheeky
14718	chemist
14719	choi
14720	coastline
14721	cobra
14722	collaborate
14723	comparatively
14726	conor
14727	cosmos
14730	cuff
14732	cyclone
14733	dedicate
14735	delusional
14736	deposition
14738	descend
14740	diligence
14742	discriminate
14744	diversion
14745	doorway
14748	dumpster
14751	ernst
14752	ethiopian
14754	excerpt
14755	existent
14756	ezra
14757	fabricate
14758	fandom
14759	filmmakers
14761	foe
14763	georgian
14764	getaway
14765	glamour
14768	humphrey
14769	inbox
14770	incidentally
14771	infinitely
14772	inflated
14773	influenza
14776	instructional
14777	interviewer
14778	introductory
14779	iot
14780	jaguar
14781	jamal
14783	laurent
14784	licking
14785	ling
14786	loft
14787	lois
14789	massively
14790	mediate
14791	mediation
14792	merrill
14794	millennials
14795	modular
14797	nico
14800	oslo
14801	outlaw
14802	oversee
14803	pageant
14804	parachute
14805	parasite
14806	parenthood
14807	perennial
14808	persistence
14811	porto
14812	postage
14814	preschool
14815	procedural
14816	profoundly
14818	pronunciation
14819	provoke
14820	quotation
14821	rappers
14823	relentless
14824	remnant
14825	repression
14826	reprint
14828	ridiculously
14830	salisbury
14834	shootout
14835	sigma
14838	somethin
14842	speculative
14847	submerge
14849	symmetry
14850	syndicate
14851	tae
14852	thornton
14853	tibetan
14854	tighten
14855	townsend
14857	trustworthy
14859	twelfth
14861	ultrasound
14862	usher
14864	vascular
14866	watkins
14867	weiss
14868	wholesome
14869	wiley
14877	adjoin
14878	albuquerque
14881	ancestry
14883	annex
14886	arresting
14887	augment
14889	avid
14892	barbados
14893	barge
14894	bartender
14895	bert
14896	birch
14897	bland
14899	bohemian
14900	bong
14901	bounded
14903	breastfeeding
14904	bribe
14905	bridal
14907	broccoli
14908	brushing
14910	buckle
14911	burlington
14913	cannes
14914	canoe
14915	centred
14916	chilly
14918	chu
14919	cider
14921	clueless
14922	cobb
14923	consciously
14925	correlated
14927	cradle
14928	crappy
14929	cripple
14930	damien
14931	dayton
14932	decency
14934	despise
14935	destroyer
14936	diocese
14937	disperse
14938	docs
14939	doorstep
14940	eliot
14941	embark
14942	enrich
14944	faa
14945	fellas
14946	foley
14947	footing
14948	fulton
14950	glamorous
14951	goldberg
14952	grower
14953	handler
14954	hangover
14955	haters
14957	havoc
14958	hee
14959	hind
14960	hitter
14961	hive
14962	homophobic
14963	honolulu
14964	humid
14965	hyderabad
14966	illuminated
14967	imam
14968	implant
14969	indict
14970	inexperienced
14974	jackpot
14975	javascript
14976	jurassic
14977	kangaroo
14978	ke
14979	klaus
14980	knowingly
14981	kuala
14982	legged
14983	lex
14984	liberalism
14985	liberia
14986	lithuania
14987	litre
14988	locomotive
14989	longing
14990	lsu
14992	manny
14993	mantra
14995	marcel
14996	mating
14997	mckay
14998	mesa
14999	microscope
15000	milky
15001	mixer
15003	moe
15004	monumental
15005	moth
15006	multiply
15008	narcotic
15009	nicky
15010	nugget
15011	nuisance
15012	obedience
15014	obligate
15016	outing
15017	overdue
15018	overload
15020	payable
15021	paycheck
15023	peaked
15024	picturesque
15025	pilgrimage
15027	pivot
15028	pivotal
15029	por
15031	preventive
15032	primer
15033	profitability
15037	pulmonary
15039	rad
15041	raspberry
15042	reconcile
15043	regression
15044	resilient
15045	roam
15046	router
15048	ru
15049	ryder
15050	sabbath
15051	schneider
15052	schwartz
15055	selfies
15058	shorten
15059	shovel
15060	skinner
15066	stagger
15068	striving
15070	surname
15071	synonymous
15073	tai
15076	tedious
15077	toxin
15079	tug
15081	utilization
15083	volkswagen
15085	wink
15086	woodward
15087	yugoslavia
15093	adhd
15094	ae
15095	alonso
15097	arbor
15098	astronomical
15100	attire
15102	autograph
15104	ava
15105	axle
15106	barley
15108	beyonce
15112	botanical
15115	brag
15116	breakout
15120	catchy
15122	ceremonial
15123	chanel
15124	cheque
15126	cho
15127	choreography
15128	cisco
15130	cling
15131	coco
15132	coincide
15134	commemorate
15136	concurrent
15138	coventry
15139	crocodile
15141	derrick
15142	diaper
15143	differentiation
15149	divert
15150	dubious
15151	dudley
15152	durant
15153	eagerly
15154	ecclesiastical
15155	edt
15156	egyptians
15157	elk
15159	enlightened
15162	eur
15163	exhaustion
15164	expectancy
15165	famously
15166	fella
15168	fingerprint
15170	flap
15171	folklore
15174	galactic
15175	gardener
15176	getty
15177	glee
15178	grassroots
15179	gravitational
15180	graze
15181	guinness
15182	gunshot
15185	hereditary
15186	hiatus
15187	homestead
15188	horribly
15189	horsepower
15190	hue
15191	icing
15193	ikea
15195	intellect
15198	interchange
15199	isabella
15200	jihad
15201	juventus
15203	knob
15204	kristen
15205	lahore
15206	lapse
15207	laundering
15208	ledger
15209	liga
15210	loaf
15212	login
15213	loot
15214	lorenzo
15215	magnesium
15216	malware
15217	mclaren
15218	mimic
15219	mindful
15221	mural
15222	murdoch
15223	musk
15225	myriad
15226	nan
15227	nasal
15228	nautical
15229	neatly
15230	negativity
15231	northampton
15232	noteworthy
15234	odor
15235	oprah
15237	overturn
15238	overwatch
15239	paddle
15240	parrot
15242	patel
15243	peg
15244	pesticide
15246	plunge
15247	powerless
15248	pragmatic
15250	quasi
15251	quentin
15252	radiant
15253	ramsay
15254	reese
15255	refinery
15257	reich
15258	remorse
15259	reopen
15260	revoke
15263	sanity
15264	scandinavian
15265	scotia
15267	sear
15268	ser
15269	sergei
15270	sharia
15271	showdown
15272	shuffle
15274	siding
15275	simulated
15276	skyline
15277	slab
15281	stocking
15282	suarez
15285	supplemental
15287	swimmer
15289	tao
15291	techno
15292	teller
15296	trance
15300	unconditional
15301	unforgettable
15304	volatility
15306	webcam
15307	wen
15308	weston
15310	xavier
15311	yorker
15314	abel
15316	aca
15318	accommodations
15320	admirable
15321	adventurous
15323	ajax
15325	ama
15326	ammo
15327	amos
15328	analyse
15329	andreas
15330	angelina
15331	anthology
15333	anyhow
15334	ape
15338	auditor
15339	avalanche
15340	azerbaijan
15342	badger
15343	ballistic
15344	banter
15345	becker
15346	bidder
15348	blackburn
15349	blazing
15350	blockbuster
15351	blueprint
15352	bodied
15354	bowler
15356	byrne
15357	cadillac
15358	cameo
15360	caramel
15361	cassidy
15362	charismatic
15363	chromosome
15366	clarkson
15367	claus
15368	comcast
15369	commencement
15372	confiscate
15374	contradictory
15375	convent
15376	converse
15378	corrosion
15379	crib
15380	crossroads
15381	dearly
15382	defiance
15383	deter
15384	diner
15386	disneyland
15387	disposition
15390	dripping
15391	ecstasy
15392	eighteenth
15393	eleventh
15394	eliza
15398	enrique
15399	envoy
15400	estonia
15401	expiration
15403	expressly
15404	fabrication
15406	faggot
15407	fascination
15408	fir
15410	formulation
15411	franc
15412	frontal
15415	goalie
15416	gonzalez
15417	gradient
15418	gravy
15420	gwen
15421	haley
15423	herring
15425	hopper
15427	hysterical
15429	incompatible
15431	injunction
15432	innate
15434	iphones
15436	jeremiah
15437	jude
15438	kathryn
15440	keynote
15442	kiev
15443	koreans
15444	krishna
15445	lama
15446	learner
15448	mclean
15450	michele
15451	motivational
15452	naruto
15453	natasha
15454	nightly
15455	noir
15456	normandy
15457	notwithstanding
15460	ordain
15465	paralysis
15466	patiently
15468	pauline
15469	paw
15472	pianist
15473	pickle
15474	pilgrim
15475	pinterest
15477	placebo
15478	podcasts
15481	progressively
15482	propel
15483	psa
15484	psych
15485	punt
15486	rae
15487	raptors
15488	reinforcement
15489	repetition
15490	restrain
15491	retrospective
15492	revise
15493	righteousness
15494	rinse
15495	robbins
15498	sal
15499	scalp
15500	schultz
15503	sharma
15505	sheltered
15506	shia
15507	shutter
15510	sooo
15512	sparrow
15513	speculate
15514	spinach
15515	squat
15516	stew
15517	stirling
15519	strauss
15522	sublime
15523	subtitle
15524	sunni
15525	sweetness
15526	teamwork
15527	tequila
15528	terrestrial
15530	thinker
15531	thorn
15533	tit
15537	tulsa
15538	twenties
15539	ufo
15541	unnatural
15542	unstoppable
15543	upfront
15544	urgently
15545	virginity
15547	volvo
15548	voucher
15549	waive
15550	wharf
15552	wrestle
15554	yates
15555	yoo
15557	aap
15559	achilles
15560	addison
15561	aggravate
15562	ahhh
15563	alberto
15565	alto
15566	ambrose
15568	anomaly
15569	aperture
15570	apostle
15571	apprenticeship
15574	biodiversity
15575	biomedical
15576	blinded
15579	breadth
15581	buster
15582	cascade
15583	casinos
15584	centralize
15585	char
15588	concord
15589	connector
15590	connie
15592	containment
15593	coupling
15594	crate
15595	crave
15597	dane
15598	dangerously
15599	denounce
15600	dillon
15601	dilute
15603	eddy
15604	elusive
15605	espionage
15607	existential
15608	experimentation
15610	extremist
15611	fanny
15613	flashback
15614	fluctuation
15616	freud
15617	friedman
15618	funnel
15619	gail
15620	gloss
15621	grading
15622	graft
15624	grumpy
15625	guise
15627	heighten
15629	hush
15630	ibn
15631	imitation
15632	immersion
15633	inconvenient
15637	intrinsic
15639	irresistible
15640	javier
15643	joanne
15647	landslide
15649	leah
15650	leash
15651	makeover
15653	marcos
15654	mata
15655	mater
15656	maureen
15658	memorandum
15659	mercer
15660	mermaid
15662	miriam
15663	moderation
15664	moroccan
15665	nano
15666	neymar
15667	ngos
15668	nobility
15669	notation
15670	onstage
15671	ordeal
15672	ox
15673	painfully
15674	paranormal
15675	paso
15676	pear
15677	piston
15679	politely
15680	pollen
15682	provoking
15684	puberty
15687	ramos
15688	rbi
15689	reggae
15690	relegate
15691	respectfully
15692	rethink
15693	reviewer
15695	rewrite
15696	rodeo
15697	sas
15698	sheridan
15699	sherwood
15700	shire
15702	slit
15704	sob
15709	stuffing
15712	summons
15713	sutherland
15715	taboo
15716	teaser
15717	thatcher
15718	throttle
15720	trendy
15722	trivia
15724	turbulent
15726	unbearable
15727	underage
15728	unleash
15729	unmarried
15730	vaguely
15731	veggies
15733	vortex
15735	wand
15736	wanderer
15741	advert
15743	ain
15744	alias
15745	anaheim
15750	appalling
15751	applaud
15753	asians
15755	baptize
15756	barr
15757	belarus
15758	billie
15759	bondage
15760	boredom
15762	bowman
15763	breeder
15764	brilliantly
15765	brunch
15766	buckley
15767	burgundy
15769	carlisle
15770	carolyn
15772	changer
15773	che
15774	chem
15775	chestnut
15778	cleanup
15779	clemson
15781	compose
15782	concise
15783	confinement
15785	consultancy
15786	contraction
15788	convergence
15793	cummings
15795	deduction
15796	despicable
15797	detachment
15798	detectors
15799	dialog
15800	digestive
15802	disclaimer
15803	disconnect
15804	discriminatory
15805	disruptive
15806	dorset
15808	endlessly
15810	epilepsy
15811	estimation
15812	ethanol
15813	excavation
15815	feeder
15816	flashlight
15817	flatter
15819	forcibly
15820	gao
15821	garland
15822	globalization
15823	grail
15824	graphical
15825	grayson
15826	groundbreaking
15827	grouping
15828	harding
15829	holiness
15830	horrify
15831	humiliate
15833	ida
15834	illustrator
15835	imbalance
15836	immoral
15837	implicate
15838	inefficient
15840	instrumentation
15841	intensify
15842	intolerance
15844	jeez
15846	juror
15847	kappa
15849	kendrick
15850	ketchup
15851	leukemia
15852	levine
15854	lineage
15855	liter
15857	lorraine
15858	lyons
15859	magnus
15860	manpower
15861	marley
15862	martyr
15863	masturbation
15864	mitigation
15865	mont
15866	motorway
15869	nypd
15870	obscene
15871	occupant
15872	octopus
15873	onward
15875	opium
15876	ovarian
15877	peck
15878	penal
15880	petal
15881	picasso
15884	plank
15886	plight
15888	postseason
15889	preside
15890	privy
15891	propulsion
15892	raft
15894	rejoice
15895	relic
15896	ren
15898	rihanna
15900	rubio
15901	sandal
15902	serpent
15903	sesame
15904	shepard
15905	shi
15907	sicily
15909	siren
15910	slater
15911	sleeper
15912	smear
15913	snowy
15914	soooo
15915	spectral
15917	stabilize
15921	statesman
15922	stink
15923	stormy
15924	subcommittee
15925	suffice
15927	swat
15928	swine
15929	symbolism
15930	tangled
15931	ticking
15932	tram
15933	tryin
15935	underwood
15936	underworld
15938	vertically
15939	vigorous
15942	wei
15943	wrongly
15944	yum
15945	zion
15946	abiding
15947	adele
15948	alcoholism
15949	amplifier
15950	anc
15954	astound
15955	atheism
15957	audible
15958	avocado
15959	avon
15963	bathtub
15964	beep
15965	beneficiary
15967	bitterness
15968	blatant
15969	boon
15971	brat
15972	bunk
15974	candid
15975	caretaker
15978	cervical
15980	checklist
15981	cherokee
15982	cheshire
15984	cinderella
15985	clamp
15987	competitiveness
15989	confederation
15990	confidentiality
15992	contradiction
15993	coronation
15994	counselling
15995	cracker
15996	crackers
15997	crimea
15998	cumberland
15999	cunning
16000	daly
16001	depiction
16002	deplete
16003	diabetic
16004	diaspora
16005	digitally
16006	discord
16009	divinity
16010	donut
16011	dorsal
16012	durability
16013	empress
16014	endeavour
16016	entertainer
16017	entrust
16018	ernie
16021	fallon
16022	farrell
16023	fatality
16024	festivity
16030	gasp
16031	genital
16032	glitch
16033	gong
16034	graded
16035	grader
16036	greasy
16037	grieve
16038	grooming
16040	hamburger
16041	heed
16042	hideous
16043	homepage
16044	hoop
16045	howell
16046	ib
16047	imaginative
16048	imperfect
16049	implicit
16050	indo
16051	inlet
16052	insensitive
16054	islander
16055	iss
16057	keystone
16059	kramer
16060	kudos
16062	lieu
16063	liquidity
16064	loch
16065	lola
16066	lotion
16068	lucia
16069	lutheran
16072	mara
16073	marquis
16074	mayhem
16075	mens
16077	mistakenly
16078	mould
16079	neuroscience
16080	niger
16083	nostalgic
16084	nra
16086	oppressive
16087	pasadena
16088	patronage
16089	pearce
16090	pinnacle
16094	pong
16098	prosper
16099	psi
16100	quake
16101	qualitative
16103	racer
16104	radial
16106	recap
16107	recognizable
16108	reconnaissance
16109	regent
16111	reluctantly
16112	rendition
16115	roadside
16117	saskatchewan
16118	scarlett
16119	scientifically
16120	scramble
16122	secretariat
16123	semitism
16125	shaky
16126	sham
16127	shortcoming
16128	shred
16129	siberia
16130	sinai
16131	slayer
16133	soothing
16134	spawn
16135	specialise
16136	stalker
16137	statistic
16138	stature
16139	steward
16140	stout
16141	strategically
16142	stripper
16143	stump
16145	subordinate
16147	synagogue
16148	tentative
16149	texted
16151	topical
16153	uhh
16154	uneasy
16155	unfold
16156	usda
16157	uss
16158	variance
16160	vols
16162	wah
16163	wally
16164	walters
16165	wavelength
16166	workload
16167	xii
16170	acquit
16171	admiralty
16172	ageing
16174	artificially
16175	asa
16176	aux
16179	berth
16180	billionaires
16181	blackmail
16183	blindness
16185	brightly
16186	burglary
16188	cafeteria
16189	canary
16192	cardio
16193	carla
16194	caucasian
16195	ceramics
16197	chilean
16199	clumsy
16200	commuter
16202	contingency
16203	coworker
16204	cupboard
16205	curate
16206	customize
16207	daft
16208	dani
16211	deprivation
16212	dewey
16214	disqualify
16216	diversify
16220	duly
16221	dusk
16223	enchanted
16224	environmentally
16225	episcopal
16226	escalate
16227	everlasting
16228	excellency
16232	feasibility
16233	federally
16234	flavored
16236	freddy
16237	frenzy
16238	fridays
16240	fulfillment
16243	godfather
16244	gould
16245	gran
16246	groundwater
16247	heidi
16248	hospitalize
16250	hyundai
16252	inadvertently
16253	indifferent
16254	inject
16255	insistence
16258	invariably
16259	invincible
16263	jubilee
16264	kia
16265	kinetic
16266	lam
16267	lash
16268	latvia
16269	laurence
16270	lavender
16271	lemonade
16272	lenin
16273	lodging
16274	lowell
16276	mania
16277	medically
16279	mule
16280	mythical
16281	nathaniel
16282	neutron
16283	newcomer
16284	nicaragua
16285	nicholson
16288	oecd
16289	ooo
16290	orderly
16291	orient
16292	orion
16293	outset
16294	paralyze
16295	parry
16297	patio
16298	peacock
16300	pepsi
16305	postcard
16306	pow
16307	powerhouse
16308	precursor
16309	preferable
16310	preparatory
16311	prism
16312	proclamation
16313	proponent
16314	provocative
16315	pu
16316	purposely
16318	questionnaire
16319	reclaim
16320	redevelopment
16321	reflex
16322	relocate
16323	rematch
16324	renal
16325	repayment
16327	restrained
16329	riddle
16331	rivera
16332	roach
16333	rockefeller
16334	roe
16336	rubble
16339	saddam
16340	sapphire
16342	seam
16343	sectional
16346	simulate
16347	sioux
16348	sloan
16349	sniff
16350	snowden
16351	soar
16352	soluble
16353	solvent
16356	squid
16357	stamford
16358	steph
16363	sturdy
16364	swarm
16365	tanker
16366	taxis
16367	terra
16368	timetable
16370	torpedo
16372	trolley
16374	trudeau
16375	una
16377	undocumented
16378	vaginal
16379	vance
16381	viability
16384	wat
16386	widen
16387	winged
16389	wolverine
16390	wrought
16391	xiii
16392	yearbook
16393	yikes
16395	abbot
16396	abduction
16397	ache
16399	afro
16400	ancestral
16402	antiquity
16403	apocalyptic
16404	appraisal
16405	aqua
16406	aspen
16407	atlantis
16408	augustus
16410	autistic
16411	barnett
16412	baylor
16413	bearer
16414	bernstein
16417	bleak
16418	blender
16419	bmi
16420	bogus
16422	bridget
16423	bruise
16425	burt
16427	caldwell
16428	cara
16429	cavs
16430	centric
16432	chaplain
16433	chlorine
16434	chow
16435	chubby
16436	clement
16437	collusion
16439	contractual
16440	coroner
16441	correctional
16445	creamy
16448	daryl
16449	deterioration
16451	dirk
16452	disbelief
16453	discreet
16455	dizzy
16456	dre
16457	duet
16458	dustin
16460	eisenhower
16461	elle
16462	elsa
16465	everest
16467	expressive
16469	fiddle
16474	fortify
16475	fran
16477	garfield
16478	generalize
16480	glossy
16481	gregg
16482	grit
16484	haram
16487	hectare
16488	hobart
16489	homelessness
16491	horrendous
16493	hostel
16494	hound
16497	illegitimate
16498	illicit
16500	incompetence
16501	insomnia
16502	interception
16503	invader
16504	irl
16505	israelis
16507	karaoke
16508	kemp
16509	kosovo
16511	lagoon
16512	len
16513	lesion
16514	limp
16515	lingering
16516	linguistics
16518	logically
16519	lucifer
16520	lumpur
16521	lunatic
16522	lyrical
16524	manifestation
16525	manitoba
16528	mead
16531	migrate
16532	mildly
16533	miraculous
16534	moan
16536	mos
16538	mourn
16539	mundane
16541	nay
16543	ngo
16544	nielsen
16546	nutshell
16547	ob
16548	obsessive
16550	offseason
16551	oswald
16552	overboard
16554	pendant
16555	petite
16557	pharma
16558	pimp
16560	poised
16561	pol
16562	posterior
16563	pouch
16567	proficiency
16569	protestor
16570	psychotic
16574	relegation
16575	repertoire
16576	repository
16578	rican
16579	rumble
16580	sachs
16581	saloon
16584	shack
16585	sinner
16586	sire
16589	stale
16591	sterile
16592	stride
16593	stringent
16594	sulfur
16597	suzuki
16600	torrent
16602	trainee
16604	trey
16606	trough
16607	trunks
16608	tummy
16609	unjust
16610	upbringing
16612	vaughan
16613	venezuelan
16614	vis
16615	vivian
16616	vivo
16617	wager
16620	whack
16621	whoop
16622	wichita
16623	wilde
16624	wilmington
16625	zambia
16630	accelerator
16632	acrylic
16633	ames
16634	anchorage
16635	annexation
16637	ascent
16639	atkinson
16640	ballad
16642	basel
16643	beckett
16644	bel
16646	betsy
16647	bigotry
16648	biotechnology
16649	blanc
16650	bookstore
16651	boomers
16652	boone
16653	bots
16655	broom
16656	browne
16657	brute
16658	buffy
16660	camouflage
16661	cary
16662	catalan
16663	chiefly
16664	childbirth
16666	chung
16668	compliant
16669	conservatism
16670	continuum
16671	corona
16672	cosplay
16673	cowardly
16677	cultivate
16679	cyril
16680	dealership
16682	decker
16683	defy
16684	della
16685	denote
16686	densely
16688	devoid
16689	dhabi
16691	dickinson
16692	disparity
16693	diva
16697	eater
16698	eaton
16699	elegance
16700	elias
16701	encrypt
16702	englishman
16705	extraordinarily
16706	facade
16707	farmhouse
16708	fertilizer
16709	filler
16711	flea
16712	footwear
16714	fri
16715	fritz
16718	giovanni
16719	goody
16720	greenland
16721	handbag
16722	handicapped
16723	haze
16724	headquarter
16725	helium
16726	hemp
16727	hitch
16728	hoc
16729	hutchinson
16730	ike
16731	incarnation
16732	inhibitors
16733	intrusion
16734	inverse
16735	invert
16736	irritation
16737	jae
16739	julio
16740	keyword
16741	lavish
16742	libyan
16743	livelihood
16744	livingston
16745	mansfield
16747	mckenzie
16748	medic
16749	merlin
16750	midland
16751	miscellaneous
16752	misguided
16753	morrow
16755	moto
16756	mozart
16757	muster
16762	nylon
16763	override
16764	ozone
16765	papua
16766	paranoia
16767	pave
16768	persecute
16769	peruvian
16770	phosphate
16772	physicist
16774	plurality
16775	prehistoric
16776	prescott
16778	pronoun
16779	proton
16780	psyche
16782	redesign
16784	reluctance
16787	replication
16789	rotor
16790	sediment
16791	seeming
16794	solitude
16795	spacing
16796	standby
16800	stronghold
16804	talbot
16806	theorist
16808	therein
16809	triangular
16811	trooper
16812	truthful
16813	turret
16814	ubiquitous
16815	unbelievably
16816	unconventional
16817	unnecessarily
16818	unnoticed
16819	untouched
16821	vega
16822	ver
16824	vin
16825	virgil
16826	visionary
16827	vitro
16828	voodoo
16829	wigan
16831	witchcraft
16835	yong
16837	abbas
16838	adultery
16839	agile
16841	anonymously
16842	aristotle
16844	austerity
16845	awfully
16847	barca
16849	beatrice
16850	beethoven
16852	boob
16854	bouquet
16857	bullock
16858	cad
16859	candidacy
16864	clubhouse
16865	coarse
16866	collegiate
16867	commonplace
16869	conan
16870	confidently
16871	constrained
16873	converter
16874	coop
16876	coronary
16881	crook
16882	cucumber
16883	cupcake
16886	deco
16888	desmond
16890	directorate
16893	dora
16894	dormant
16897	duffy
16899	emmanuel
16900	emulate
16901	encompass
16902	endow
16903	enquiry
16904	evasion
16905	evergreen
16906	eviction
16910	expulsion
16912	fedex
16914	filth
16915	firefox
16917	foliage
16918	foreclosure
16920	fortnight
16921	fresno
16924	genie
16925	georges
16927	goo
16928	goodwin
16929	hannibal
16930	heartbroken
16932	helper
16933	hesitant
16936	hubby
16939	hypertension
16940	immerse
16941	immortality
16942	indefinite
16944	insightful
16946	io
16947	ipswich
16948	irrespective
16951	jeanne
16952	kicker
16953	kyoto
16956	ledge
16957	levin
16960	macbook
16961	mackay
16962	madeleine
16963	maj
16964	malt
16965	mandela
16966	marian
16969	michaels
16970	mindfulness
16973	moderator
16974	momma
16975	monstrous
16976	moran
16977	morphology
16978	mustache
16979	nasdaq
16980	natal
16982	novice
16983	obituary
16984	olivier
16985	ordination
16987	otis
16989	parity
16990	paterson
16992	persuasive
16994	pew
16995	philips
16998	populous
16999	postwar
17002	proactive
17003	prob
17004	projector
17005	prominently
17006	prudent
17007	qualifier
17008	quincy
17010	ratify
17012	refine
17014	reliant
17015	reputable
17016	revolver
17017	revolve
17018	ricardo
17019	rink
17020	ripple
17021	robber
17022	routledge
17027	sentinel
17028	signalling
17030	slovenia
17031	solemn
17032	spacex
17033	spacious
17037	stacey
17038	starr
17039	substantive
17040	substitution
17044	tobago
17045	torah
17046	torso
17048	tremendously
17049	trojan
17050	tumble
17052	unpublished
17053	untrue
17054	verbally
17055	vitality
17057	weep
17059	windshield
17060	wolfe
17061	zodiac
17065	abandonment
17066	abyss
17067	accession
17069	alvarez
17070	alvin
17072	amir
17073	anders
17075	arithmetic
17076	arson
17077	astronomer
17079	authoritative
17081	barren
17082	basal
17083	batsman
17084	bedding
17085	bender
17086	bethlehem
17088	boi
17089	bourgeois
17091	bribery
17092	brunette
17093	bureaucratic
17094	buzzer
17095	cactus
17096	carlson
17097	cassette
17099	characterise
17100	childcare
17102	chronological
17103	cleavage
17105	cohort
17106	commandment
17108	condense
17111	convene
17114	cuddle
17115	culprit
17116	darius
17117	daunting
17119	deviation
17120	diffusion
17121	dildo
17122	distrust
17126	ellison
17129	empires
17130	entrepreneurial
17131	ether
17132	etiquette
17134	extravagant
17135	familiarity
17136	felipe
17137	fender
17138	feng
17139	ferris
17140	fetal
17141	fiance
17144	flushing
17148	goa
17149	gorge
17150	greenwood
17152	gu
17154	harp
17155	hartley
17156	heartfelt
17158	hoodie
17159	housewife
17162	hypocrite
17163	incorporation
17164	insure
17165	joyful
17166	judah
17167	kabul
17168	kelley
17169	kickoff
17170	kimberly
17171	lacrosse
17172	lars
17173	latex
17174	leftover
17175	legalization
17177	localize
17178	lori
17179	malibu
17180	mammoth
17182	marvellous
17183	matchup
17184	meh
17185	merkel
17186	modem
17188	motif
17191	nic
17193	oat
17194	ominous
17195	openness
17196	optimize
17197	overhear
17198	oversized
17199	pak
17200	pandora
17202	paolo
17203	papal
17204	patton
17205	pepe
17206	peril
17208	playable
17210	polly
17211	pore
17212	posh
17215	principally
17216	professionalism
17219	rampage
17220	reassuring
17221	rebirth
17222	recharge
17224	reliably
17227	retina
17229	riff
17230	rosen
17231	rossi
17233	rutgers
17234	sahara
17235	scattering
17236	scrape
17237	scripted
17238	semantic
17239	shear
17241	sherry
17243	silicone
17244	skepticism
17245	slovakia
17246	sly
17247	smiley
17248	smithsonian
17249	snoop
17252	startling
17254	strife
17255	stylist
17257	superheroes
17258	tattooed
17259	tenor
17260	thrift
17263	traverse
17264	turnaround
17265	uterus
17266	validate
17267	vid
17268	vocalist
17272	westbrook
17273	wildcat
17275	womens
17277	xvi
17278	yielding
17279	zebra
17280	zionist
17283	abrams
17285	aft
17286	albion
17287	anesthesia
17288	anonymity
17290	antoine
17291	appropriation
17292	aria
17294	assassinate
17296	bandit
17297	banish
17298	barefoot
17299	barrage
17300	bartlett
17302	bestow
17303	bethesda
17304	blackpool
17306	bournemouth
17307	brilliance
17308	britney
17309	broth
17312	burnley
17315	centenary
17316	ceos
17317	checkpoint
17318	chloride
17319	classify
17320	clinically
17321	cocky
17322	coefficient
17327	conditioner
17330	conglomerate
17333	cornerstone
17334	correctness
17335	counterfeit
17336	damian
17337	dazzle
17338	dea
17339	deacon
17341	deceive
17343	dentistry
17345	detainee
17347	dino
17350	dortmund
17351	edgy
17352	eff
17354	elton
17355	encore
17357	enormously
17358	epstein
17359	err
17360	erupt
17361	espresso
17362	evade
17363	fab
17365	freaky
17367	futile
17369	germ
17370	glacial
17371	gland
17372	gloomy
17373	graceful
17374	grievance
17375	gritty
17376	hanoi
17377	hayley
17378	heartbreak
17379	heist
17380	heterosexual
17381	hewitt
17382	hinder
17383	hobbit
17384	horseback
17385	hospice
17386	hotline
17387	huang
17388	inhibition
17389	integer
17390	interdisciplinary
17391	intermittent
17392	intimidation
17393	islamist
17394	italia
17395	iteration
17399	kremlin
17400	langley
17402	liv
17405	madagascar
17406	magnum
17407	malay
17409	martian
17411	maxim
17412	mcdonalds
17413	mei
17414	melancholy
17415	meteorological
17416	milf
17417	misplace
17418	misty
17420	moines
17421	monsieur
17422	mop
17423	multicultural
17426	negligible
17428	nudity
17429	obligatory
17430	oceanic
17431	od
17432	oooh
17433	ornament
17434	outpost
17436	overflow
17437	oxidation
17438	panorama
17439	pascal
17440	peep
17442	pervasive
17444	pinky
17445	playwright
17447	predatory
17448	preface
17450	punitive
17452	rainforest
17453	raphael
17454	reborn
17455	reddish
17456	refurbish
17458	repercussion
17460	restroom
17461	rhythmic
17464	rockies
17465	roi
17467	roulette
17472	rupees
17474	samoa
17475	samson
17476	satin
17477	scatter
17480	segregated
17481	semantics
17483	shameless
17484	sharif
17485	showtime
17488	skeletal
17492	snapshot
17495	spherical
17496	spotting
17497	sprinkle
17498	spruce
17501	stacy
17502	stamina
17503	standalone
17505	subconscious
17507	tonic
17509	troublesome
17510	tumour
17511	twain
17514	utopia
17516	vigorously
17517	visibly
17520	waterway
17521	wetland
17522	whitman
17524	xiv
17528	abigail
17529	abrupt
17530	acronym
17532	adversity
17534	affidavit
17535	amc
17536	antics
17537	antony
17538	ao
17543	astrology
17547	baroness
17548	barrow
17550	bengals
17552	biographical
17553	biomass
17554	bitcoins
17555	blanche
17557	blouse
17558	bodyguard
17559	borrower
17560	botany
17563	caterpillar
17564	censor
17565	chatter
17568	cleric
17570	colbert
17571	comedic
17573	compressor
17574	compton
17575	confer
17576	conn
17577	constantinople
17579	cooke
17580	cougar
17581	creeps
17582	cutler
17583	czechoslovakia
17586	defamation
17587	denny
17589	det
17592	directional
17595	ditto
17596	divergent
17597	doctorate
17598	doncaster
17599	donnie
17600	downright
17601	dues
17604	electrode
17605	elemental
17608	encoding
17610	exemplary
17612	expansive
17613	fife
17615	flake
17617	geez
17618	gemini
17619	gifs
17621	gotcha
17623	guerrilla
17624	gutter
17625	hearty
17626	highschool
17627	hillside
17630	hodges
17631	hoo
17632	hover
17634	hun
17635	hysteria
17636	impartial
17637	imperialism
17638	imprint
17639	incremental
17641	infancy
17642	infuse
17643	inhibitor
17645	injure
17646	inquire
17647	inscribe
17648	insulate
17649	jang
17650	jogging
17651	jumbo
17652	kale
17653	katz
17655	kraft
17656	landowner
17658	latina
17661	louie
17662	lte
17663	luca
17665	madras
17667	manageable
17668	manslaughter
17670	marianne
17672	mecca
17673	meridian
17674	midi
17675	mikhail
17676	mir
17677	misdemeanor
17678	misfortune
17679	mondays
17681	mountainous
17684	newfoundland
17685	obnoxious
17686	olsen
17687	orphanage
17691	perpetrator
17692	phoebe
17694	plainly
17697	purdue
17699	rake
17701	resent
17703	retribution
17705	rhetorical
17706	rightful
17708	royale
17713	semen
17714	senegal
17715	sequencing
17716	shapiro
17717	shea
17720	sixteenth
17721	slime
17722	sow
17727	suffrage
17729	surrogate
17730	synopsis
17731	tainted
17732	tanya
17735	tomas
17736	toothbrush
17738	trapping
17739	treatise
17740	tristan
17741	uphill
17742	upton
17744	variability
17745	waltz
17746	wooded
17748	zac
17749	zhou
17750	acl
17751	adhesive
17752	adolf
17753	adorn
17754	affluent
17755	als
17756	ambiguity
17757	anguish
17758	annals
17759	antitrust
17761	archaeologist
17762	arid
17763	avg
17765	barrister
17766	bazaar
17769	bianca
17770	biker
17771	bipartisan
17772	birthplace
17774	bono
17777	brochure
17778	brokerage
17779	buildup
17780	butch
17781	canucks
17782	carly
17785	catholicism
17786	cgi
17789	cheng
17790	ching
17793	civilisation
17796	cobalt
17799	collier
17800	colossal
17801	comm
17802	commodore
17803	compiler
17804	conserve
17805	constellation
17806	contour
17807	crispy
17809	crore
17810	crowley
17811	curfew
17813	daytona
17814	decidedly
17815	delusion
17816	demi
17817	depreciation
17821	discontent
17822	div
17823	dixie
17824	dopamine
17825	douche
17826	dune
17827	dyke
17829	eclectic
17830	ecstatic
17831	eject
17832	endemic
17834	entail
17835	envision
17836	eta
17840	fascists
17843	fluorescent
17844	francois
17845	freakin
17847	fulham
17848	futuristic
17850	hallmark
17851	hanover
17852	harrington
17853	haste
17855	heathrow
17857	hyun
17858	identifiable
17859	igor
17860	illiterate
17861	immaculate
17862	improvise
17863	inclination
17864	infest
17865	insurgents
17866	interpersonal
17867	interracial
17868	intruder
17869	inward
17870	ipo
17871	itching
17872	jai
17873	jarvis
17874	jenner
17875	johann
17876	jolie
17877	judas
17878	judd
17879	kan
17880	kaplan
17881	kinky
17884	launcher
17886	legality
17887	lenny
17888	lessen
17889	lifespan
17890	longitudinal
17891	loosen
17892	ly
17893	macedonia
17894	mandy
17895	masculinity
17897	mcgee
17898	mcgraw
17899	microscopic
17900	midday
17903	morphine
17904	motherhood
17905	motorola
17906	murderous
17909	nirvana
17910	nonstop
17911	notoriously
17913	oatmeal
17914	opaque
17915	ordnance
17917	otter
17918	parting
17919	pelvic
17920	percussion
17921	pigment
17922	plato
17923	populist
17924	porous
17926	predictive
17929	racially
17932	registrar
17934	rein
17936	retard
17938	reuse
17939	reyes
17941	ritchie
17943	roadway
17944	rollins
17945	rustic
17946	rutherford
17948	sanitary
17949	sao
17950	saturation
17952	scarcity
17953	scorpion
17955	setback
17957	shrub
17958	sizable
17959	slipper
17961	soho
17962	spartan
17970	subdue
17973	tack
17975	tart
17977	ting
17979	toothpaste
17982	transient
17983	triumphant
17984	umpire
17985	unborn
17986	undisclosed
17987	undone
17988	unheard
17989	vend
17990	vicar
17993	welch
17994	woe
17996	wrench
17997	wretched
18002	adler
18003	adolescence
18004	affirm
18005	afterlife
18007	ammonia
18008	analogous
18009	anarchist
18010	anecdote
18011	anglican
18013	ankara
18015	apron
18016	archaic
18017	assange
18019	attribution
18020	avant
18021	baffle
18022	baird
18023	barlow
18024	benton
18025	biochemistry
18027	boise
18028	bop
18029	bordeaux
18031	burr
18032	carbs
18033	cavalier
18035	centennial
18036	cheney
18037	cher
18041	clover
18045	colonization
18046	connolly
18047	cookbook
18048	corinthians
18049	cosmopolitan
18051	coyote
18053	cristina
18054	cromwell
18055	cy
18058	deductible
18059	diagonal
18060	discredit
18061	dodd
18062	dresser
18063	duff
18064	dysfunctional
18065	ebooks
18066	elm
18068	ems
18070	equitable
18071	estrogen
18072	etsy
18073	exert
18076	felicity
18077	fernandez
18078	feudal
18080	flatten
18081	fleece
18082	fodder
18084	fumble
18085	galloway
18086	giggle
18087	git
18088	glare
18089	godzilla
18090	gourmet
18092	handheld
18093	handshake
18095	hayward
18096	hefty
18097	helsinki
18098	herbal
18099	herrera
18100	hippie
18102	horton
18103	hump
18104	idiotic
18107	incarceration
18108	incest
18109	infect
18110	insertion
18111	interruption
18113	itch
18114	jacqueline
18116	joaquin
18117	kurds
18118	lattice
18120	legitimately
18122	leroy
18123	linebacker
18124	lockheed
18129	magically
18130	marketer
18131	mastermind
18132	materially
18133	metadata
18134	middlesex
18136	mischief
18137	modernization
18140	neptune
18142	nero
18143	noticeably
18144	occupancy
18145	oman
18146	oncology
18148	outsourcing
18149	overrun
18151	pasture
18152	pathological
18153	payload
18154	payout
18155	pelosi
18156	persia
18157	pertinent
18159	plentiful
18160	plumber
18167	purchaser
18168	rahul
18170	rarity
18171	realty
18172	rebellious
18177	reptile
18178	revisit
18180	santo
18181	satirical
18184	sensual
18187	slump
18188	soften
18189	sos
18190	souvenir
18191	spaceship
18192	spaniards
18193	sparse
18194	spinner
18195	steamer
18196	subsidize
18197	suction
18198	sunflower
18199	supplementary
18200	surveyor
18203	temperament
18204	thirteenth
18205	topless
18206	torment
18207	tyrant
18208	unattractive
18209	unbeaten
18210	understatement
18211	undesirable
18212	unfairly
18213	unification
18216	wastewater
18218	weaponry
18219	webpage
18223	wildfire
18224	withhold
18226	wreath
18228	yer
18231	afar
18232	affectionate
18233	afp
18234	agitated
18235	akron
18236	albania
18237	angie
18238	annuity
18240	arouse
18242	astros
18243	authentication
18244	awaken
18245	azure
18246	bedside
18247	berger
18248	besiege
18249	biologist
18250	blowjob
18253	bois
18254	bonnet
18255	bourne
18256	braun
18260	byzantine
18261	cadet
18263	casing
18265	catalonia
18266	catfish
18267	caucasus
18269	clerical
18271	collage
18272	colonist
18273	complimentary
18275	computation
18276	conjecture
18277	conspicuous
18278	constantine
18279	continual
18280	contradict
18282	crackdown
18283	craze
18284	crusader
18287	cybersecurity
18288	davenport
18289	degrade
18290	deli
18291	deteriorate
18294	dui
18296	dwayne
18297	dyer
18298	elongate
18300	enamel
18303	evict
18305	exceedingly
18306	excessively
18308	farmland
18310	fiercely
18312	fostering
18313	fourteenth
18316	frontline
18318	genealogy
18319	geographically
18320	gibraltar
18322	goggles
18323	golfer
18324	grammatical
18325	graphite
18326	grimm
18327	gupta
18328	haitian
18329	handgun
18330	hara
18333	hella
18334	heresy
18335	herpes
18336	hipster
18337	hispanics
18338	hostess
18339	hud
18341	iceberg
18343	ignite
18344	illumination
18345	impoverish
18346	improperly
18347	ingenious
18348	inquisition
18351	ist
18352	jab
18353	janice
18354	landfill
18355	larson
18357	lighten
18358	lmfao
18359	lowry
18360	maldives
18361	maroon
18362	marriott
18363	marxism
18364	masonry
18365	maui
18366	mclaughlin
18367	mechanically
18368	mikey
18370	mina
18371	moor
18372	moreno
18373	muffin
18374	nadal
18375	nigger
18376	nih
18377	novak
18379	obi
18380	oily
18382	ostensibly
18384	outnumber
18385	outspoken
18386	pacing
18387	palate
18389	parkway
18391	pedestal
18392	pedigree
18394	phony
18395	pinpoint
18396	pip
18397	pleasantly
18398	pluto
18399	ponder
18400	protestants
18401	prowess
18402	prussia
18403	psychologically
18404	pulitzer
18406	ramen
18407	ramirez
18408	ramon
18409	rattle
18411	reimbursement
18413	reinstate
18414	renault
18415	renee
18416	repent
18418	revert
18420	rolex
18421	rowe
18422	rubin
18423	sabrina
18424	saliva
18425	senseless
18427	seventeenth
18428	sha
18429	shortcut
18430	sikh
18431	skye
18434	smoother
18435	spence
18440	summarize
18441	sweeney
18442	synth
18444	takeoff
18445	tammy
18446	tat
18447	taxable
18449	trafford
18451	treadmill
18453	unavoidable
18454	unilateral
18455	vicky
18456	vie
18457	vijay
18459	wasp
18460	watermelon
18461	webber
18462	westward
18465	yin
18466	yun
18473	acidic
18474	adherence
18475	adjective
18476	adjourn
18478	aint
18479	amnesia
18480	amplify
18481	angola
18482	angrily
18483	appellate
18485	armoured
18486	ascension
18487	aspirin
18489	ax
18490	bard
18491	bea
18492	bearded
18494	bends
18495	benevolent
18496	bestseller
18497	bis
18498	blackhawks
18499	blazer
18501	blooded
18503	bog
18504	bom
18505	bombardment
18506	borderline
18509	bungalow
18510	burglar
18511	calibration
18513	capitalize
18514	charisma
18515	cheltenham
18516	chesapeake
18517	chun
18520	claudio
18521	cognition
18522	cooker
18523	cornish
18524	coupe
18525	covet
18526	craigslist
18527	cristiano
18528	crumb
18529	cullen
18532	cylindrical
18534	davey
18535	deceptive
18538	devastation
18539	devout
18540	dia
18541	dickson
18542	disproportionate
18544	divisive
18546	dod
18547	dracula
18548	ebony
18549	eduardo
18550	eileen
18551	elon
18552	embody
18553	embroider
18554	embryo
18555	eminem
18556	ensue
18557	erratic
18559	fang
18560	fiesta
18561	folly
18562	foo
18563	foreseeable
18564	frenchman
18565	friedrich
18566	fumes
18567	garde
18569	gerrard
18570	gilmore
18571	glaze
18572	gon
18573	griffiths
18574	hardwood
18575	hendrix
18576	highness
18578	hindsight
18579	hinge
18580	homophobia
18581	houghton
18582	hume
18585	ik
18586	indifference
18587	indispensable
18588	infirmary
18590	ingram
18591	inhibit
18592	insanely
18593	intellectually
18594	interstellar
18595	intoxicate
18596	involuntary
18597	isil
18598	issuance
18599	itchy
18601	jojo
18602	junta
18603	lankan
18604	laos
18605	latch
18606	libel
18607	ligament
18608	likeness
18609	lizzie
18611	lofty
18612	loom
18613	luc
18614	ludicrous
18615	maharashtra
18616	maize
18617	malice
18618	manu
18619	marginalized
18621	mazda
18622	mcmahon
18623	melvin
18624	middlesbrough
18626	milford
18628	minnie
18629	mitsubishi
18630	mixtape
18631	mods
18632	mongolia
18634	munition
18636	myrtle
18637	nemesis
18639	originality
18640	oriole
18641	ornamental
18644	pancreatic
18646	parlor
18648	pebble
18650	perseverance
18652	pharmacist
18653	phillies
18654	picky
18657	poole
18658	populace
18659	pretoria
18660	pricey
18661	prima
18666	propagation
18667	psychedelic
18668	pune
18670	radiator
18671	randomize
18673	rector
18675	regal
18676	relativity
18677	rene
18678	revere
18679	ridicule
18680	ridley
18682	rocker
18683	romero
18685	salman
18686	sami
18687	sculptor
18688	semifinal
18689	shalt
18690	sheen
18691	shelton
18693	sincerity
18694	sinful
18695	slander
18696	sleek
18698	sling
18699	socioeconomic
18701	spontaneously
18703	stockton
18704	stratford
18706	sturgeon
18707	subpoena
18710	syllabus
18713	taiwanese
18714	teaming
18715	textual
18716	thinkin
18717	toad
18720	tsa
18722	tyrone
18724	unaffected
18726	undeniable
18727	une
18728	upstate
18729	ventura
18730	vigilant
18731	visitation
18732	viva
18734	washer
18736	werner
18737	wick
18738	worldly
18746	additive
18747	adept
18748	advantageous
18749	aero
18750	afloat
18751	agility
18752	airbus
18753	alba
18755	annoyance
18756	anon
18757	ante
18759	archipelago
18762	barkley
18765	belmont
18767	bloated
18771	bonfire
18774	brody
18775	bullpen
18776	cafes
18777	cali
18778	canine
18780	carb
18781	carver
18782	causal
18783	centrally
18784	cheerleader
18785	christy
18787	citadel
18789	clifton
18791	colonialism
18794	corvette
18795	costco
18800	dashboard
18801	deficient
18802	degenerate
18803	demonic
18804	deterrent
18805	disdain
18806	disgraceful
18807	doggy
18808	dole
18810	dun
18811	eerie
18813	enrage
18815	erode
18817	ethel
18818	excursion
18820	exponential
18821	farce
18822	fatally
18824	flanders
18825	flickr
18826	fling
18830	frankenstein
18831	frantic
18832	fudge
18833	gabrielle
18834	gemma
18835	gideon
18836	glide
18837	glover
18838	gras
18840	grime
18841	grossly
18842	grudge
18843	gucci
18844	hairstyle
18845	handwritten
18847	harmonic
18849	headlight
18850	heartless
18851	hectic
18852	holistic
18853	hooper
18854	hormonal
18855	huffington
18856	ict
18858	informant
18861	intrusive
18863	invoke
18865	jackass
18866	jericho
18867	jonny
18868	josephine
18869	joyous
18870	kiwi
18871	latinos
18872	leaflet
18874	lim
18875	limo
18876	lulu
18877	lunchtime
18878	lux
18879	mace
18880	maher
18881	malawi
18882	malignant
18883	mane
18884	mascara
18885	matchmaking
18886	maverick
18887	measles
18888	mend
18890	mich
18891	microbial
18893	migraine
18894	millennial
18895	mitt
18896	molten
18897	monsoon
18898	montage
18899	monterey
18900	morales
18901	napoli
18902	negligent
18903	netanyahu
18904	nikon
18905	nil
18906	norma
18907	ofthe
18908	opioid
18911	passionately
18913	pathogen
18915	persuasion
18917	phyllis
18918	plaid
18919	playback
18920	plush
18923	positivity
18925	precedence
18926	preferring
18928	pristine
18929	prognosis
18930	propeller
18933	racket
18935	rajasthan
18936	realistically
18938	reilly
18939	relatable
18940	reorganization
18943	retrieval
18945	roundabout
18946	saline
18947	saviour
18948	scarcely
18950	serie
18951	shipbuilding
18952	shiva
18953	shrug
18954	siemens
18955	signings
18957	smoky
18960	spade
18961	spoils
18962	staffordshire
18967	tata
18969	temperate
18971	thematic
18972	threesome
18973	thunderstorm
18975	toaster
18976	treble
18977	turquoise
18978	ultraviolet
18979	unbiased
18980	unc
18981	uncanny
18982	underdog
18984	ungrateful
18985	untreated
18986	usefulness
18988	vandalism
18989	vargas
18990	vibrate
18991	vowel
18992	voyager
18993	weirdo
18994	weld
18995	werewolf
18997	wrongful
18999	xu
19003	aba
19004	acknowledgement
19006	airbnb
19009	alligator
19012	antagonist
19013	apa
19014	approximation
19015	aromatic
19018	auschwitz
19020	baroque
19022	behavioural
19023	belgrade
19025	berg
19026	bergen
19027	bethany
19030	binder
19031	blindly
19032	brig
19033	buggy
19035	burnett
19036	buzzfeed
19038	camille
19039	canonical
19040	cautiously
19041	ceasefire
19042	celery
19044	chinatown
19046	collaborator
19048	cor
19049	counsellor
19051	couture
19052	cramp
19053	croatian
19054	crowdfunding
19055	cutie
19056	dab
19057	dar
19058	darcy
19059	dawg
19065	dion
19066	dissatisfaction
19067	dodgy
19069	earthly
19071	elective
19072	emit
19074	enslave
19075	ent
19077	eq
19078	escalation
19079	ethos
19080	eureka
19081	exec
19082	eyewitness
19083	fag
19085	fil
19086	fitz
19087	fleeting
19089	forfeit
19091	foundry
19093	fro
19095	furnishings
19096	giraffe
19097	gma
19098	gmail
19099	grinder
19100	gunman
19101	hamper
19102	hardcover
19103	healer
19105	hermione
19107	hubbard
19108	hurley
19110	inaugurate
19113	intestinal
19114	intra
19116	islamabad
19118	jock
19120	kidd
19121	kneel
19122	knuckle
19124	lauderdale
19127	ludwig
19128	macbeth
19130	mamma
19131	manic
19132	manifold
19133	margot
19134	measurable
19135	medina
19136	meek
19137	mellow
19138	melon
19140	miscarriage
19141	mla
19142	mojo
19144	napa
19145	narration
19147	nassau
19148	nicki
19149	nip
19151	nye
19152	oblivion
19154	ohhh
19155	oilers
19157	outpatient
19158	pamphlet
19161	penelope
19162	perish
19164	pervert
19165	pharaoh
19166	philanthropy
19167	photon
19168	pollute
19169	potion
19171	preparedness
19174	primal
19179	psychopath
19181	qui
19182	quid
19183	receptive
19184	redundancy
19185	reelection
19186	reindeer
19187	relapse
19188	relish
19189	rendezvous
19191	reversible
19192	roche
19193	rodent
19194	rowan
19195	rudolph
19197	saharan
19198	scumbag
19201	selectively
19204	sideline
19206	simplistic
19207	skater
19208	skincare
19209	soc
19211	spokane
19212	sta
19215	staten
19221	supervisory
19224	syllable
19225	synod
19226	taipei
19227	takeaway
19228	tatum
19231	tesco
19232	thorpe
19233	titus
19235	treacherous
19236	turnbull
19239	untold
19240	uplifting
19242	vaccinate
19243	vaughn
19245	versatility
19246	visualization
19247	voicemail
19248	volt
19249	wakefield
19250	watford
19252	wield
19253	wiggins
19254	wilkins
19255	wingers
19256	winnie
19259	yeh
19260	abnormality
19262	analytic
19263	ans
19264	apprehend
19265	ascend
19266	attributable
19267	aubrey
19268	barb
19269	bastion
19270	beaumont
19271	bey
19272	biopsy
19273	blackwell
19274	bolster
19275	bray
19277	caitlin
19278	calais
19282	categorize
19283	cba
19284	cbi
19286	chopper
19288	chunky
19291	cohesive
19292	comey
19293	commando
19298	contentious
19299	contra
19300	corbyn
19301	cosy
19303	crease
19307	dehydration
19309	denomination
19310	derbyshire
19312	digestion
19313	dismantle
19314	dissatisfy
19322	embargo
19323	embodiment
19325	encode
19326	engraving
19328	entrench
19329	explanatory
19330	extremism
19331	fairfield
19333	faulkner
19335	filtration
19336	finalize
19341	fracking
19342	francesca
19343	francesco
19344	fungal
19345	gabe
19346	garry
19347	garth
19349	gillian
19352	gloom
19353	goblin
19354	gunner
19356	hamster
19358	hex
19362	hydra
19363	hypocritical
19364	illustrious
19365	incidental
19366	indigo
19371	insurgency
19373	ipa
19374	irregularity
19376	jax
19377	kyrie
19378	labyrinth
19379	lac
19380	latency
19381	limbo
19382	linger
19383	lousy
19384	luncheon
19385	mailbox
19387	mcguire
19389	memorabilia
19390	midterm
19391	midtown
19394	mimi
19395	muir
19396	muzzle
19397	myspace
19399	nec
19400	nurture
19401	oblivious
19402	ode
19403	oem
19404	olga
19405	olson
19406	ortiz
19408	overt
19409	pacers
19410	paisley
19411	pajamas
19412	palo
19413	patriarch
19414	penthouse
19415	perjury
19417	pious
19419	potomac
19420	powdered
19422	prematurely
19424	prioritize
19425	proprietor
19426	putnam
19427	quarrel
19431	raja
19432	rea
19434	rebate
19437	resurgence
19439	roc
19441	rooster
19443	rufus
19447	sakura
19449	sanskrit
19450	scientology
19451	scooby
19452	scuba
19453	seamless
19457	shelly
19458	sheppard
19460	shoreline
19461	siberian
19462	sicken
19464	silhouette
19465	slug
19466	smackdown
19467	smug
19468	soprano
19470	spectroscopy
19471	spreadsheet
19472	stagnant
19473	startle
19475	stephenson
19483	tendon
19485	thine
19486	timmy
19488	toughness
19489	tracey
19491	turin
19492	unanswered
19493	unethical
19495	unix
19496	uptown
19497	urinary
19498	valiant
19499	vigilante
19500	viper
19502	weekday
19504	westwood
19506	whitehall
19507	wilhelm
19508	willard
19510	wrinkle
19514	abi
19515	abstraction
19516	adjunct
19519	ami
19521	asean
19523	atkins
19524	attentive
19525	auntie
19526	austen
19528	ballpark
19529	barbarian
19530	beak
19531	beige
19532	bellamy
19533	blasphemy
19535	blinking
19536	blueberry
19537	boar
19538	bosch
19539	bran
19542	brigadier
19543	broaden
19544	bubba
19545	bulky
19547	busch
19551	cameraman
19552	carbohydrate
19553	carnage
19555	chateau
19556	chavez
19557	colleen
19559	commend
19560	commune
19562	conclusive
19563	conservatory
19564	considerate
19565	constance
19567	coo
19568	cryptocurrency
19569	cultured
19570	dans
19571	daycare
19572	debra
19574	depressive
19579	disproportionately
19582	ecommerce
19583	emery
19585	entrant
19586	epidemiology
19587	errand
19588	esque
19589	exaggeration
19590	exhaustive
19591	exponentially
19592	exporter
19593	externally
19594	fanbase
19595	fermentation
19596	fiasco
19597	fifteenth
19599	flo
19601	flores
19602	footed
19603	fright
19604	fruitful
19605	gall
19606	gastric
19607	gild
19608	goddard
19609	hallelujah
19610	hastily
19611	haynes
19613	heinrich
19614	hemingway
19615	horizontally
19616	hubert
19617	hurtful
19618	illuminate
19619	inaccessible
19621	inferno
19623	inverness
19625	isabelle
19626	jog
19628	jug
19631	knoxville
19632	labrador
19633	latte
19634	leafy
19635	lobe
19636	loo
19637	luiz
19638	lyle
19639	maga
19640	maguire
19641	margarita
19642	masturbate
19643	mcbride
19644	meddle
19645	nadia
19648	ofc
19649	ollie
19650	omission
19652	orchid
19653	overtake
19654	paramedic
19655	pax
19656	peabody
19657	peat
19658	pedophile
19659	peptide
19661	periphery
19664	piggy
19666	polarize
19668	pov
19669	predetermine
19670	prelude
19672	priesthood
19673	punishable
19674	rahman
19675	rao
19676	ravi
19677	reaper
19678	reassure
19679	redesigned
19683	rhys
19684	rockstar
19685	ros
19686	rosenberg
19688	sanford
19689	satanic
19691	scented
19692	sclerosis
19693	selfless
19694	serenity
19695	shading
19697	sighting
19700	siri
19702	sonar
19703	spat
19704	stabilization
19706	starch
19707	stony
19709	subtly
19711	surfer
19712	taj
19713	taper
19714	teaspoon
19716	thorne
19720	tos
19724	tudor
19725	turk
19726	typo
19727	unequal
19728	unresolved
19729	unspecified
19730	vacate
19731	veg
19732	venetian
19734	waffle
19735	wanda
19736	warships
19739	welp
19740	wha
19741	winery
19743	writ
19744	xiao
19745	yamaha
19746	zara
19747	zipper
19752	adversary
19753	afflict
19754	airfield
19755	akbar
19756	alienate
19760	ascertain
19761	assam
19765	believable
19768	bitterly
19769	bloodshed
19770	boils
19771	boko
19775	burrow
19776	cairns
19777	caracas
19778	cassie
19779	cello
19780	celsius
19782	cesar
19783	chai
19784	chariot
19785	cheddar
19786	chilli
19787	cholera
19788	cio
19789	clinch
19791	collide
19792	commemoration
19794	complexion
19795	compulsive
19796	congenital
19797	construe
19798	consular
19799	corrective
19800	costello
19802	crumble
19806	dangle
19807	daredevil
19808	decentralize
19809	dei
19812	detox
19813	didn
19814	differentiated
19815	discrepancy
19816	dishwasher
19818	doj
19819	donaldson
19820	doodle
19821	dossier
19822	draper
19823	dunham
19825	easton
19826	eastwood
19827	edna
19830	eradicate
19831	excite
19833	extortion
19835	ey
19836	fay
19837	feral
19841	forster
19842	fortnite
19846	generously
19847	godfrey
19848	grange
19850	gui
19851	hangar
19852	hardworking
19854	hasty
19855	hathaway
19856	hdmi
19857	hermes
19858	hijack
19859	housekeeper
19860	husky
19861	idf
19862	iggy
19863	imitate
19864	imperfection
19865	improbable
19867	incarcerate
19868	ineligible
19869	infusion
19870	iu
19872	jeb
19873	journalistic
19874	julien
19876	kapoor
19877	kart
19878	kelvin
19880	kolkata
19881	laborer
19883	lai
19885	lincolnshire
19886	lipid
19888	lordship
19889	louisa
19890	mahogany
19891	malfunction
19892	mana
19893	manson
19894	marin
19895	markedly
19896	marta
19897	mccann
19898	mckenna
19899	mcqueen
19900	mediator
19901	mein
19903	meow
19904	mer
19905	minion
19906	mirage
19907	mockery
19908	modulation
19909	motorist
19910	mozambique
19911	muller
19912	narrate
19913	narrower
19916	navigator
19917	nes
19918	nightingale
19919	nuke
19921	occult
19922	ocd
19923	olympian
19925	osama
19926	ovation
19929	palin
19932	payback
19933	pediatrics
19934	perch
19935	perpendicular
19936	physique
19938	playbook
19940	plywood
19941	pollutant
19943	pooh
19946	proficient
19949	punctuation
19950	purification
19951	purport
19953	qi
19955	ramification
19956	readable
19957	recourse
19958	regimen
19959	removable
19961	responders
19963	retrospect
19964	roundup
19965	rowland
19967	seinfeld
19969	sequential
19971	signify
19973	smelly
19976	specialization
19977	spiritually
19978	sporadic
19979	stationery
19980	sudanese
19981	sunscreen
19982	sykes
19983	tau
19984	tempest
19987	thankyou
19990	tights
19991	tito
19992	tobias
19993	tofu
19996	trenton
19997	tripoli
19998	truss
19999	tubing
20000	tuesdays
20003	undue
20004	unionist
20005	unprotected
20006	unsettle
20007	upscale
20008	vader
20009	verde
20011	vinci
20012	vu
20013	wacky
20015	wearable
20016	wilcox
20017	wiltshire
20018	wreckage
20021	yvonne
20022	zeppelin
20026	adamant
20027	airspace
20028	alejandro
20029	allot
20031	amplitude
20032	analogue
20033	annotate
20035	archival
20036	ardent
20038	assay
20040	assorted
20041	axel
20042	badminton
20044	bedrock
20045	bihar
20047	blaine
20048	boardwalk
20050	boldly
20052	boomer
20054	brittle
20056	cena
20058	chatham
20059	cheaply
20060	chiang
20061	choo
20062	clair
20063	climber
20064	clog
20065	cohesion
20066	colo
20070	conduit
20074	conveyor
20075	cpi
20076	cramped
20079	culminate
20080	cuomo
20082	dae
20083	dalai
20084	darryl
20086	decimal
20087	defensively
20088	defunct
20090	demonstrator
20091	denton
20093	diablo
20095	diffuse
20096	dignified
20097	disapproval
20098	disobedience
20099	dreamer
20101	dweller
20102	eb
20103	ef
20104	electronically
20105	emancipation
20106	entropy
20107	epitome
20108	esa
20110	ethernet
20112	extradition
20113	eyesight
20114	fide
20115	finder
20116	fishy
20118	forearm
20119	frail
20120	fray
20122	geelong
20123	generational
20126	goldfish
20127	greenville
20128	grizzly
20129	grotesque
20131	hallucination
20133	hooded
20134	horrid
20135	huawei
20136	hussain
20137	hwy
20138	impractical
20141	insta
20142	interchangeable
20144	irreversible
20149	kaufman
20151	lawless
20153	legalize
20154	legging
20157	liza
20159	macau
20162	maynard
20163	mayoral
20164	medley
20165	mercenary
20166	meyers
20169	minimalist
20170	mislead
20173	narendra
20174	objectively
20176	orchestrate
20177	packard
20178	pap
20179	parisian
20183	plugin
20184	polishing
20188	postgraduate
20189	predicament
20190	predominant
20191	prem
20192	proverb
20193	puke
20195	qu
20196	quadrant
20199	recital
20200	recite
20201	reckoning
20202	recollection
20203	reconstruct
20205	regents
20206	reiterate
20207	rem
20208	resale
20209	retake
20210	rhine
20213	robb
20214	rodrigo
20215	rosy
20216	rupture
20218	scandalous
20219	scot
20220	seasoning
20221	securely
20222	shabby
20225	sinus
20226	situ
20227	skid
20228	solace
20229	spanking
20231	splinter
20234	squire
20235	standout
20237	stoner
20241	swimsuit
20242	symmetrical
20243	tac
20244	tacoma
20245	tam
20247	terminator
20249	tinker
20250	topography
20251	ua
20252	unexplained
20253	unintended
20254	unman
20255	uno
20256	unsolved
20257	unsuccessfully
20258	uptake
20259	vantage
20261	versailles
20263	waldo
20264	waller
20265	watcher
20266	whim
20268	wil
20271	yee
20272	yellowstone
20273	ying
20274	yosemite
20275	zeal
20277	abort
20278	abound
20279	adversely
20282	aidan
20283	alfredo
20284	amish
20285	andersen
20289	astonish
20291	audacity
20292	banjo
20293	barbaric
20294	barbed
20296	beech
20298	biz
20300	blower
20301	blurry
20302	bravely
20303	bret
20306	burmese
20310	chevron
20311	cheyenne
20312	clinician
20313	coercion
20314	colombo
20315	comma
20317	competency
20318	concerted
20320	cont
20322	cora
20323	cornelius
20325	crotch
20326	crucify
20328	dai
20329	dartmouth
20331	departmental
20332	depose
20333	devin
20334	dharma
20335	dialysis
20337	distal
20339	divisional
20340	dogma
20341	doi
20342	dupont
20343	emory
20344	emptiness
20346	ensign
20348	evoke
20352	faithfully
20353	faq
20354	fern
20355	fingertip
20356	firepower
20357	fixation
20361	formative
20362	fret
20364	gastrointestinal
20365	geeks
20368	granger
20370	gratification
20371	gruesome
20375	harshly
20377	heller
20378	henrik
20379	hezbollah
20380	hinduism
20381	hiroshima
20382	hitchcock
20383	hodge
20384	holloway
20386	hydrate
20387	imaginable
20388	impetus
20389	impulsive
20390	incense
20391	inhuman
20396	invoice
20398	johan
20399	junkie
20400	kelsey
20401	khalid
20403	kristin
20404	kun
20405	lacey
20406	lao
20407	latent
20408	lau
20410	leipzig
20411	lenovo
20412	lew
20413	lexus
20414	limitless
20415	literate
20417	localization
20418	loki
20419	loretta
20420	lowly
20421	lucid
20422	lymphoma
20423	makin
20424	martini
20425	merciful
20427	midget
20428	midwife
20430	mira
20431	misinformation
20432	mitochondrial
20433	mobilization
20434	monologue
20435	monoxide
20436	mosul
20437	musically
20438	mutiny
20439	nag
20441	nervously
20443	nighttime
20444	nonlinear
20445	normalize
20446	northumberland
20448	oakley
20449	odi
20450	orr
20451	outweigh
20452	parasitic
20454	parsley
20455	pendulum
20456	petit
20457	petra
20458	picket
20460	poignant
20461	polio
20462	potency
20463	precarious
20464	presley
20465	pretext
20466	privatization
20468	quaint
20470	raccoon
20473	reassurance
20475	redistribution
20476	remy
20479	richly
20482	sai
20483	sanderson
20484	saver
20485	scarborough
20487	secession
20488	sectarian
20489	seminal
20490	serene
20491	ses
20494	sharpe
20495	shipyard
20496	shrek
20497	sig
20498	silica
20499	simmer
20500	smokey
20501	snag
20502	snuck
20504	socrates
20505	sophistication
20508	straighten
20509	streamlined
20511	syringe
20512	tanaka
20513	thinly
20514	thursdays
20515	timor
20516	tint
20518	tote
20520	transverse
20521	tremble
20524	trident
20525	trojans
20526	tweak
20527	ubuntu
20528	undead
20529	unison
20531	unprepared
20532	unrestricted
20533	unsuitable
20534	unthinkable
20535	uplift
20537	vanderbilt
20539	venerable
20540	visualize
20541	vulcan
20542	wasteful
20544	wilkes
20551	advisable
20552	algerian
20553	angst
20555	apathy
20557	artisan
20559	assortment
20562	bandwagon
20563	bane
20565	bayer
20567	billings
20568	bios
20569	birdie
20570	bison
20572	blacksmith
20574	borg
20575	brainwash
20576	brothel
20577	burrito
20578	byte
20580	camper
20581	carole
20582	cartilage
20583	casket
20584	charley
20585	chattanooga
20586	christchurch
20587	claimant
20588	cleanliness
20589	clothe
20590	coli
20593	complicate
20594	concerto
20595	concurrently
20596	contraception
20597	convex
20598	crouch
20599	culmination
20602	dank
20603	daphne
20604	decomposition
20605	dehydrated
20607	detriment
20608	dex
20611	discretionary
20612	dismal
20613	dismay
20614	disparate
20615	dissemination
20616	distill
20618	dolan
20619	dolores
20620	domestically
20621	elector
20622	electrician
20623	elise
20625	equator
20626	estuary
20627	etch
20628	eternally
20629	ewing
20630	excise
20633	facet
20634	fad
20636	fitch
20637	fledged
20638	fol
20639	forcefully
20640	foreground
20641	frown
20642	fruity
20644	fukushima
20645	gals
20646	germain
20647	gertrude
20648	gloucestershire
20649	godly
20651	graeme
20652	groin
20653	grounding
20654	guangzhou
20655	gunn
20656	gunpowder
20657	guthrie
20658	guyana
20660	haskell
20662	helix
20663	heroism
20664	hierarchical
20665	homie
20666	hornet
20668	howling
20670	icelandic
20671	induct
20672	infidelity
20674	inventive
20675	inversion
20676	ips
20677	kahn
20678	keynes
20679	khalifa
20680	kinase
20681	kirsten
20682	knack
20683	kodak
20684	kool
20685	kosher
20686	lansing
20687	lazarus
20689	lehman
20690	libby
20693	lillian
20694	liquidation
20695	longitude
20697	macho
20698	maestro
20699	magna
20701	matilda
20702	maxi
20703	mcgill
20704	mcgrath
20705	meditate
20708	microscopy
20709	missy
20710	moi
20711	morbid
20713	multiplication
20714	mysteriously
20715	nadine
20716	nav
20717	nino
20718	nonfiction
20720	nuance
20721	occurrences
20722	olympia
20723	orb
20724	orchestral
20725	ordinarily
20726	orthodoxy
20727	outage
20731	paternal
20732	pellet
20733	pelvis
20735	pla
20737	polarization
20738	potty
20740	preoccupy
20741	projectile
20742	protract
20743	prussian
20745	puddle
20746	quay
20747	railing
20748	realist
20749	receptionist
20751	recruiter
20753	reload
20754	remuneration
20756	repressed
20757	reputed
20761	richness
20762	riviera
20764	sadie
20765	scandinavia
20767	secretive
20769	serotonin
20771	shorty
20772	silky
20773	sinatra
20774	sirius
20776	smallpox
20778	snore
20779	sociological
20780	sorority
20783	speechless
20784	spore
20787	starship
20789	strategist
20791	subaru
20793	sunken
20794	supremacist
20795	tal
20796	ter
20798	tortoise
20799	tragically
20801	translators
20803	typewriter
20804	understandably
20805	undisputed
20806	unprofessional
20807	urdu
20808	uri
20809	veggie
20811	visceral
20812	vividly
20813	wannabe
20815	whaling
20816	wiggle
20817	wolfgang
20818	worldview
20819	wrongdoing
20821	zuckerberg
20824	abuser
20827	aggregation
20828	ahem
20829	albanian
20830	alistair
20831	alkaline
20832	alum
20834	antidote
20835	anus
20836	appalachian
20837	archery
20838	arterial
20840	asparagus
20841	athena
20842	attest
20843	attractiveness
20845	auditory
20846	avenge
20847	aversion
20848	awkwardly
20850	balkans
20851	ballard
20852	balm
20854	biennial
20856	bologna
20858	bona
20859	bony
20862	brighten
20863	brood
20866	bulletproof
20867	bundesliga
20869	cambodian
20871	cassandra
20873	cecilia
20875	cessation
20876	charlottesville
20877	charlton
20880	chemo
20882	civ
20883	colby
20884	collagen
20890	cricketer
20891	crimean
20892	crochet
20894	csi
20895	customization
20896	cypress
20897	dal
20898	dandy
20899	dependable
20901	dickhead
20904	donny
20905	downey
20906	dresden
20910	eid
20912	emeritus
20913	emigration
20915	enthusiastically
20916	excavate
20919	extant
20920	ezekiel
20922	fathom
20923	fiancee
20924	fictitious
20925	firsthand
20926	fitzpatrick
20927	flashy
20928	floppy
20929	fluoride
20930	frat
20932	geologic
20934	gillespie
20935	gmo
20936	goldstein
20940	greenberg
20942	guam
20943	guantanamo
20945	hadley
20946	hawthorne
20947	headmaster
20949	heartland
20950	hedgehog
20951	hehe
20952	heinous
20954	hoe
20955	hulu
20956	hypnosis
20957	iain
20958	icu
20959	immersive
20960	impeccable
20961	inbound
20962	inconsistency
20963	inference
20964	infiltrate
20965	inflatable
20966	ingrid
20967	inhale
20968	instinctively
20969	interconnected
20970	intolerant
20971	isp
20972	jellyfish
20973	jimi
20975	judo
20976	karnataka
20977	keane
20978	keating
20979	kev
20980	kilo
20981	kurdistan
20982	lament
20983	leach
20984	lefty
20987	luigi
20989	mabel
20990	mach
20991	maddie
20993	malpractice
20994	manipulative
20995	marginally
20996	marjorie
20998	mathews
20999	maxine
21000	mayweather
21001	melinda
21003	microbiology
21006	modernity
21008	namibia
21009	narrowing
21010	navajo
21011	nectar
21013	nitrate
21014	nvidia
21016	oft
21017	olympus
21019	pastel
21021	payoff
21022	perpetrate
21023	pessimistic
21025	phosphorus
21026	platter
21030	prod
21031	prodigy
21034	psychotherapy
21035	pundit
21036	quilt
21038	radcliffe
21039	rai
21040	rama
21042	realtor
21043	rees
21045	regency
21050	robyn
21051	rowling
21052	sag
21053	sama
21054	sauna
21057	scrum
21058	seasonally
21059	selena
21060	sem
21061	shan
21063	shen
21065	slade
21066	sluggish
21067	slum
21068	smoothie
21069	snare
21071	snowflake
21072	sod
21077	stag
21078	stomp
21080	stratum
21083	submissive
21084	subsection
21085	suede
21086	summertime
21087	sundance
21088	swedes
21089	sylvester
21090	tabloid
21091	taft
21092	taurus
21093	teal
21095	throwback
21098	timid
21101	triathlon
21102	trickle
21103	troupe
21105	tweed
21106	ultimatum
21107	uncut
21108	uninterrupted
21109	vettel
21110	webinar
21112	weinstein
21116	workin
21117	wrestlemania
21118	xmas
21120	yelp
21121	yoon
21126	abt
21127	aclu
21128	affirmation
21129	amass
21130	amherst
21131	annette
21132	aol
21133	apc
21134	apiece
21135	appall
21136	appreciative
21138	archibald
21140	bandage
21141	bas
21142	belize
21144	bittersweet
21145	blight
21146	botswana
21147	braid
21148	branching
21149	brewster
21150	bulge
21151	byrd
21152	cabaret
21153	camilla
21154	caregiver
21155	carmichael
21156	catheter
21157	centimeter
21158	chemically
21160	cinematography
21162	coincidentally
21163	collingwood
21164	commandant
21166	conducive
21167	confine
21168	cong
21169	conscientious
21170	consensual
21173	cpa
21175	crystalline
21177	cyanide
21178	deadpool
21179	deceit
21182	derogatory
21191	drugged
21192	durban
21194	eachother
21195	eastward
21196	elisabeth
21197	emanuel
21198	embroidery
21199	emo
21201	enigma
21203	erdogan
21204	estrange
21205	euphoria
21206	ez
21207	fahrenheit
21209	feelin
21210	firewall
21213	fluorescence
21215	forceful
21216	forte
21217	fours
21219	gaelic
21220	galveston
21222	gardiner
21223	gibbon
21224	giorgio
21225	gladstone
21226	gladys
21228	gogh
21229	gracie
21230	grassy
21232	greer
21233	greta
21234	hanger
21236	hem
21237	hitman
21239	hobbs
21240	housekeeping
21241	hua
21242	ifs
21245	infiltration
21246	insidious
21247	intimately
21248	ioc
21249	issa
21250	jargon
21251	joon
21252	kayak
21253	khaled
21254	kilogram
21256	knowles
21258	lakh
21259	leakage
21260	liberate
21262	loc
21263	logistical
21264	loophole
21265	luminous
21266	mah
21268	malnutrition
21269	maori
21270	marlin
21271	marseille
21274	mathematician
21275	mayonnaise
21276	mccall
21277	mcdonnell
21278	mcdowell
21280	meghan
21281	melodic
21283	mendoza
21284	meticulous
21285	michelin
21286	modesty
21288	moustache
21289	mubarak
21293	naw
21294	netting
21295	nevermind
21298	nigh
21299	nocturnal
21300	nozzle
21303	offside
21304	orgy
21305	orton
21306	overlay
21307	paleo
21308	paralympic
21310	paternity
21311	patriarchal
21315	pitiful
21317	plethora
21318	plutonium
21319	powerpoint
21320	prerequisite
21321	psychosis
21322	quantify
21323	rabies
21325	ration
21326	raul
21327	recon
21328	recount
21329	rectangle
21330	recurrent
21331	refill
21334	religiously
21335	relive
21337	reopening
21338	requisite
21339	responsibly
21340	resurrect
21341	reuben
21343	rewind
21344	rightfully
21346	ripley
21347	ritz
21348	rolf
21350	russo
21352	sadden
21354	secluded
21355	seduce
21357	sens
21358	shadowy
21359	shun
21360	sidekick
21361	skewed
21364	soros
21365	spartans
21367	spectre
21369	stallion
21370	stepfather
21371	strangle
21373	susie
21374	sven
21376	synthesize
21378	tak
21379	tapestry
21381	tenderness
21382	terrier
21383	tester
21384	thirties
21385	thistle
21386	thumbnail
21387	tickle
21388	titties
21389	toro
21392	tubular
21393	tue
21396	underside
21397	uneducated
21399	unload
21401	unmarked
21402	unreleased
21403	upkeep
21404	urn
21406	viagra
21407	vigil
21409	volley
21412	wallis
21413	warmly
21414	watergate
21415	wavy
21416	wednesdays
21417	weibo
21418	wendell
21420	whew
21421	whirlwind
21422	whitaker
21423	wilbur
21425	winnings
21426	wis
21429	yearning
21434	affleck
21436	alain
21437	andrei
21438	annapolis
21439	annum
21441	aristocratic
21442	aroma
21443	arsenic
21446	astro
21447	asus
21448	aziz
21449	backer
21450	bain
21451	barclays
21454	beggar
21455	bestselling
21457	biologically
21462	budge
21464	calhoun
21466	chaplin
21467	cheater
21469	clegg
21470	cloning
21471	clout
21472	cochran
21473	comical
21474	commemorative
21475	confederacy
21476	converge
21477	copeland
21478	corny
21479	countryman
21481	crucible
21482	cryptic
21485	darth
21486	deb
21489	deletion
21490	diligent
21491	discern
21493	domino
21494	donnelly
21495	downgrade
21496	dreamy
21497	drench
21498	droid
21501	dunbar
21502	dung
21503	dyson
21504	earner
21505	eel
21506	eiffel
21507	embryonic
21508	emoji
21511	eos
21514	fanatic
21515	fav
21517	filmmaking
21518	firmware
21521	fragmentation
21523	frederic
21525	gated
21526	girly
21527	glam
21528	glorify
21529	goth
21530	gracefully
21531	gubernatorial
21533	hahahaha
21534	hawthorn
21535	healy
21536	hermann
21537	herr
21540	hoard
21541	horde
21544	imdb
21545	imp
21546	implicitly
21548	ingenuity
21550	inorganic
21551	intestine
21553	itinerary
21554	juggle
21557	koran
21558	lacy
21559	lair
21560	lamborghini
21564	lifeless
21565	lifeline
21566	lobbyist
21568	lotto
21569	lovable
21571	luka
21572	lukas
21573	lyndon
21574	lynne
21575	macarthur
21576	mam
21577	mani
21578	mari
21579	marino
21580	mateo
21583	miliband
21586	moot
21587	mortimer
21590	myles
21591	nebula
21592	neurology
21593	newt
21594	nguyen
21595	nietzsche
21596	nitro
21597	noaa
21598	norse
21600	nyt
21601	odin
21602	oj
21603	ost
21605	overland
21606	overshadow
21608	pantry
21609	paraguay
21610	parchment
21611	partake
21613	peso
21614	peterborough
21617	plagiarism
21619	polk
21620	pollard
21621	polled
21622	pollock
21623	prefix
21624	proctor
21625	prologue
21626	proto
21628	pueblo
21629	pulpit
21630	puncture
21632	qa
21634	redhead
21635	relational
21636	remastered
21637	renegade
21639	ripper
21640	robson
21642	rotational
21643	rudd
21644	ryu
21647	sash
21649	scully
21650	seductive
21651	sega
21652	segmentation
21653	sergey
21654	shaker
21657	sissy
21658	sizeable
21659	sled
21660	sloane
21661	sludge
21665	speedway
21667	spongebob
21668	sprout
21669	staffer
21671	stiles
21672	stretcher
21677	taker
21679	tess
21681	tong
21684	transplantation
21685	triad
21686	trimming
21687	truthfully
21688	unfounded
21689	unicef
21690	unimportant
21691	uninsured
21692	untitled
21693	uw
21694	uzbekistan
21695	valor
21696	vape
21697	vernacular
21698	virtuous
21699	vox
21704	warcraft
21705	watercolor
21706	wight
21707	wolff
21709	wto
21713	abrasive
21714	accompaniment
21715	accomplice
21716	adoptive
21717	ailment
21718	alphabetical
21719	alternately
21721	annihilation
21722	arbitrarily
21723	armistice
21724	armory
21725	ars
21726	att
21727	auspices
21729	bathe
21730	behead
21731	bellevue
21732	bloomington
21737	brodie
21738	calamity
21739	carbonate
21740	carlyle
21741	carmel
21742	catalytic
21744	ceylon
21747	cheesecake
21748	choral
21749	chronology
21750	clam
21751	clientele
21755	combatant
21757	configure
21759	convection
21760	coronavirus
21761	cosby
21762	craftsman
21764	cretaceous
21767	crunchy
21769	curvature
21770	cyborg
21772	deflection
21776	distillery
21777	diversification
21778	djokovic
21779	doesn
21781	drummond
21783	effortlessly
21785	ein
21786	enactment
21787	enlighten
21788	envious
21789	erm
21790	erroneous
21791	exacerbate
21792	familial
21793	farage
21795	feces
21796	federer
21800	frazier
21801	frivolous
21802	fruition
21803	fuji
21804	fullback
21805	gage
21806	galley
21807	galway
21808	gators
21809	giddy
21810	gpu
21811	granada
21812	grandeur
21813	grapple
21814	grover
21816	hamid
21818	hanks
21820	heinz
21822	hentai
21823	hodgson
21824	homogeneous
21825	hye
21826	ich
21827	ina
21828	incl
21830	intangible
21834	ire
21835	jesuit
21836	justine
21838	kiddo
21839	kimmel
21843	laureate
21846	lear
21847	lesley
21850	lineman
21853	madman
21854	maniac
21857	mcnamara
21858	medalist
21859	melee
21860	melo
21861	melville
21862	memorize
21863	mendes
21864	menstrual
21865	merch
21866	metallica
21867	metaphysical
21868	meteorology
21869	methyl
21870	mindless
21871	misconception
21873	momentarily
21875	nadu
21876	narcissistic
21877	negotiable
21880	nom
21881	northward
21882	norwood
21883	nudge
21885	nyse
21887	osu
21892	padre
21894	pantheon
21895	payer
21896	pictorial
21898	ploy
21901	presumption
21903	prospectus
21904	prosthetic
21905	pty
21907	puma
21909	reactionary
21910	reciprocal
21912	redwood
21913	regan
21915	reverence
21916	richter
21918	sabine
21919	saigon
21920	santana
21922	seaweed
21923	seduction
21924	selfishness
21925	serge
21926	serviceman
21928	sevens
21932	shaman
21937	sinn
21938	sino
21939	sketchy
21941	snowfall
21942	southbound
21943	specificity
21944	squirt
21945	ste
21946	stewardship
21948	stoppage
21949	storylines
21951	stu
21952	superpower
21954	synergy
21956	tasmanian
21959	terri
21961	thermometer
21962	thingy
21963	timberlake
21965	tomlinson
21966	toulouse
21968	unbroken
21969	unsettled
21971	uttar
21972	versed
21973	vicki
21974	vlad
21976	weiner
21977	wharton
21978	whiff
21979	whopping
21980	wilt
21981	woodstock
21982	youtubers
21983	zachary
21984	zhao
21985	absurdity
21986	achievable
21988	alchemy
21991	americana
21992	anastasia
21993	anatomical
21994	antigen
21995	apostolic
21997	ara
21998	aristocracy
21999	armchair
22000	aryan
22001	aswell
22004	babysitter
22005	babysitting
22006	backlog
22008	bengali
22009	bile
22010	biochemical
22012	bling
22013	boca
22014	boner
22015	bose
22016	botch
22018	bradshaw
22019	brandt
22020	brownie
22024	calibre
22025	caliphate
22028	carcass
22029	cardigan
22030	carousel
22031	cartwright
22032	chico
22033	chihuahua
22034	christi
22035	circumcision
22036	clandestine
22038	clutter
22041	compost
22044	conqueror
22045	cot
22046	coulson
22047	crafty
22049	croydon
22051	cumming
22052	cutoff
22053	debacle
22054	defiant
22055	deformed
22057	diagnostics
22059	disarm
22060	doherty
22061	domingo
22062	dominique
22063	drawback
22066	edm
22067	edo
22068	elliptical
22069	eloquent
22070	eminence
22074	equatorial
22076	esports
22077	eth
22078	ethereum
22079	eyeball
22080	fairytale
22081	fallacy
22082	feeble
22083	fend
22084	ferocious
22085	fifties
22086	filipinos
22089	forensics
22091	fragrant
22092	gallant
22095	generalization
22096	genitals
22097	geologist
22098	goldsmith
22100	goon
22103	haas
22104	halle
22105	hana
22106	handcuff
22107	harmon
22108	hasan
22110	hermit
22111	hillsborough
22114	horseman
22115	hui
22116	hutton
22117	ign
22119	indebted
22120	indecent
22121	inquest
22124	ionic
22125	ipl
22126	jennie
22128	jingle
22129	johansson
22130	kali
22132	kink
22133	kira
22135	laguna
22137	leighton
22138	leopold
22139	levant
22140	louse
22141	loco
22143	lorry
22145	lovin
22146	macleod
22147	magnolia
22148	marlon
22149	matty
22150	mauritius
22151	medial
22152	mellon
22153	mercantile
22154	migratory
22155	mingle
22156	modernist
22158	mover
22160	nee
22161	nomenclature
22163	organiser
22164	outback
22165	outcry
22168	panoramic
22169	paparazzi
22170	parkinson
22173	peng
22174	philanthropic
22175	playhouse
22176	plow
22177	prada
22178	preferential
22180	primetime
22181	probing
22182	proc
22183	prolong
22184	propane
22185	publicize
22191	ramadan
22192	rambling
22193	ras
22195	redirect
22196	redmond
22197	relentlessly
22198	remand
22199	reusable
22201	rin
22203	rowdy
22204	saffron
22205	salford
22206	sassy
22207	schoolboy
22208	schumacher
22209	scoreboard
22210	scotty
22211	seeding
22212	sender
22213	seneca
22214	septic
22216	shenanigan
22217	silas
22218	skateboard
22219	skier
22220	slider
22223	soma
22224	someones
22227	staining
22230	stipulate
22232	subversive
22233	sufferer
22234	suggestive
22235	suitability
22236	superstition
22239	swanson
22240	symmetric
22241	synonym
22242	takin
22244	tic
22245	timeout
22247	tome
22249	totalitarian
22250	tramp
22251	transistor
22252	translucent
22254	trot
22256	unbalanced
22257	unfavorable
22258	unintentionally
22259	uniqueness
22260	upto
22261	vertebra
22262	vertex
22264	vuitton
22268	woodwork
22269	yall
22270	yellowish
22271	youll
22272	yt
22274	acidity
22276	ado
22278	agrarian
22279	airy
22280	akira
22281	alaskan
22282	alfie
22284	andhra
22286	anew
22288	antifa
22289	antwerp
22290	appease
22291	aptitude
22296	backside
22297	bassist
22298	bein
22299	bespeak
22300	blatantly
22302	blocker
22303	blowout
22304	booted
22305	brisk
22306	bubbly
22307	bummer
22308	bundy
22312	cao
22313	casper
22314	cauliflower
22315	cebu
22316	celia
22318	chadwick
22319	chainsaw
22320	chalmers
22321	channing
22322	cheetah
22323	christensen
22324	climatic
22325	clockwise
22326	clockwork
22328	como
22329	conformity
22331	consort
22332	correlate
22334	courteous
22336	crete
22338	cupid
22339	curiously
22341	danes
22342	darrell
22344	deforestation
22345	delaney
22346	demeanor
22347	deng
22348	deplorable
22349	deranged
22350	detergent
22351	detour
22353	dhaka
22354	diff
22356	distressing
22358	downtime
22359	downwards
22361	dutton
22363	enlargement
22364	equate
22365	equestrian
22366	ethereal
22367	eurovision
22368	expanse
22370	fabio
22373	fanfare
22374	favorably
22375	fidel
22376	fingernail
22377	fireman
22378	flaps
22379	flask
22380	fluff
22381	fondly
22382	footnote
22383	fremont
22384	frosty
22385	galileo
22386	gatsby
22387	gearbox
22389	gis
22390	giver
22391	gnome
22393	gunpoint
22394	hades
22395	handedly
22396	har
22397	harcourt
22398	harlan
22399	haute
22400	heartache
22401	hertfordshire
22403	hooray
22408	individuality
22410	insurgent
22411	intertwine
22413	iranians
22416	janitor
22417	judgmental
22418	lange
22422	lien
22423	limousine
22424	linden
22425	lithuanian
22426	lotta
22427	lupus
22428	lyme
22429	lymph
22432	mahal
22434	manure
22435	mariah
22436	mccormick
22437	meatball
22438	meningitis
22439	meteorite
22440	midfielders
22441	mildred
22443	millie
22444	milne
22445	misogyny
22446	mrna
22447	multiplier
22448	nehru
22449	newbie
22450	newtown
22452	northbound
22453	oblique
22454	obscurity
22455	odessa
22456	okinawa
22457	onslaught
22458	opal
22460	organisational
22461	oxfordshire
22462	palsy
22463	paralympics
22464	paramilitary
22465	partridge
22467	patti
22469	permissible
22471	platonic
22472	polka
22473	primate
22476	rancho
22477	rattling
22478	rca
22479	realisation
22480	recapture
22482	recurrence
22484	refinement
22485	regis
22487	reparation
22488	repel
22491	revamp
22492	rockwell
22494	rohan
22495	rudder
22496	ruiz
22497	rung
22498	salah
22501	seaman
22502	sensibility
22503	sevilla
22508	skyscraper
22510	slumber
22513	spiderman
22515	staunch
22516	stiffness
22517	stuttgart
22519	swoop
22520	synchronize
22521	tahoe
22522	tallahassee
22523	telly
22524	tentacle
22525	terence
22526	therapeutics
22527	thom
22528	tia
22530	topology
22531	transatlantic
22532	tunisian
22534	ugandan
22535	uncontrolled
22536	undecided
22537	unparalleled
22538	unsolicited
22540	unworthy
22541	utensil
22543	vids
22544	vocation
22547	walden
22549	wentworth
22552	williamsburg
22553	winslow
22555	zu
22561	abbreviate
22562	admirer
22563	aerobic
22564	aerodynamic
22565	aesthetically
22566	agitation
22567	agreeable
22569	alessandro
22570	alfonso
22571	algebraic
22574	artefact
22575	assertive
22576	assimilation
22578	avalon
22581	backseat
22582	balkan
22583	barclay
22584	baseman
22586	beale
22587	beatty
22588	bernardino
22589	bernardo
22591	bosnian
22592	bragg
22593	brainer
22594	breakaway
22596	breathless
22600	brunei
22604	carefree
22605	caricature
22606	carton
22607	cayman
22608	celeste
22609	cert
22610	ces
22611	chandelier
22612	chandra
22614	chute
22615	cir
22617	clipping
22618	clot
22621	companionship
22622	complacent
22623	complicit
22627	coolant
22629	corbett
22630	counteract
22631	courtship
22632	cram
22633	craven
22635	cumbria
22637	daley
22638	debilitate
22639	deepen
22640	deepening
22641	dependencies
22643	derry
22646	devotee
22651	downturn
22652	drier
22653	duane
22654	dystopian
22656	electrically
22657	elmer
22658	ely
22660	enclave
22661	entourage
22662	epoch
22663	evo
22667	extinguish
22668	faber
22670	fated
22671	femme
22673	fibrosis
22674	fielder
22675	foggy
22676	forgery
22677	fremantle
22679	functionally
22680	furiously
22681	gape
22682	gator
22683	gentry
22684	germanic
22685	gigi
22686	gimmick
22687	gladiator
22688	glendale
22690	glittering
22691	glossary
22693	gregor
22696	groundwork
22697	gymnasium
22699	harrisburg
22701	henley
22705	imposition
22706	impromptu
22707	indulgence
22708	intersect
22710	iodine
22711	jameson
22712	johannes
22713	johnstone
22714	jos
22715	josef
22716	keel
22718	kingsley
22720	kruger
22721	labourer
22722	leland
22723	lemme
22725	lewd
22726	lifeboat
22728	liturgy
22729	livin
22731	lockhart
22732	longstanding
22734	madeline
22735	magma
22736	mammalian
22738	marcia
22739	milking
22740	millennia
22741	milner
22742	miraculously
22743	molding
22745	motorbike
22747	mustafa
22749	nonexistent
22750	notoriety
22752	nutty
22753	oa
22754	obedient
22755	oculus
22756	ogden
22759	ornate
22760	oust
22761	palpable
22765	perpetuate
22766	perverse
22768	peta
22769	philharmonic
22772	playlists
22773	plume
22774	plump
22775	prequel
22777	prophetic
22778	provocation
22780	purify
22781	radiology
22782	raffle
22783	ragged
22785	recoil
22787	redo
22788	rejoin
22790	remission
22791	renounce
22792	repentance
22793	resonate
22794	restitution
22799	romo
22801	rotterdam
22802	roxy
22804	sacrament
22806	scholastic
22807	scourge
22808	seville
22811	shu
22812	signage
22814	slag
22816	sneeze
22818	sobriety
22819	som
22820	songwriting
22821	sorely
22822	sprawl
22823	sprinter
22824	sprite
22825	stagnation
22826	stead
22828	structurally
22829	suez
22830	sulfate
22831	sumner
22833	swag
22834	sweatshirt
22835	tangent
22836	tenn
22838	torus
22839	tout
22840	tracer
22841	transporter
22843	turing
22845	unearth
22846	uniformly
22847	unqualified
22848	unquestionably
22849	unravel
22850	variously
22852	veterinarian
22853	vidal
22854	viet
22855	viz
22857	wasteland
22858	watchdog
22859	watery
22861	weasel
22862	westfield
22866	yukon
22867	zeke
22868	zest
22869	zoology
22870	zulu
22875	abstinence
22876	academically
22879	adm
22880	adventurer
22882	aeroplane
22885	alton
22886	andromeda
22888	arduous
22889	asher
22891	avi
22892	bachelorette
22893	bagel
22895	bai
22896	bangor
22897	barometer
22898	basque
22899	bavaria
22901	biggie
22902	bigot
22904	boa
22907	britannia
22908	britt
22911	bucharest
22912	buffett
22913	bullion
22914	bumpy
22916	bureaucrat
22917	burnham
22918	byu
22919	cahill
22920	carp
22921	castor
22925	cicero
22926	circumference
22928	cleopatra
22929	cleverly
22932	codex
22934	composure
22935	computerize
22936	concur
22937	conte
22940	cowan
22942	crowe
22943	davy
22945	delicacy
22947	dempsey
22953	disillusioned
22954	dispersion
22955	doha
22956	doomsday
22957	drape
22958	drinker
22960	emil
22961	emphasise
22962	entangle
22963	enzo
22964	exploratory
22967	fei
22968	ferment
22970	finesse
22971	fireball
